file,total_nodes,leaf_nodes,internal_nodes,max_depth,average_branching_factor,max_branching_factor,min_branching_factor,first_branching_factor,depth_per_nodes,internal_per_depth,state,total_segments,avg_segment_len,max_segment_len,min_segment_len,std_dev_len,code_analysis,mental_execution,test_generation,bug_fixing,language_mapping,high_level_plan,empty, ,plan_outlining,outline
../codelingua/segment_trees/qwq_level1_Java_C/qid_codeforces_598_A.json,39,12,27,17,1.41,3,1,1,0.4358974358974359,1.588235294117647,correct,38,537.078947368421,1754.0,105.0,426.7167160553055,10,23,1,2,1,0,0,1.0,,
../codelingua/segment_trees/qwq_level1_Java_C/qid_codeforces_583_B.json,37,8,29,20,1.24,2,1,1,0.5405405405405406,1.45,correct,36,629.1944444444445,2891.0,101.0,638.2819269366541,7,20,1,2,3,0,0,3.0,,
../codelingua/segment_trees/qwq_level1_Java_C/qid_codeforces_106_B.json,25,7,18,15,1.33,3,1,1,0.6,1.2,correct,24,434.4166666666667,2393.0,103.0,500.914808053761,6,12,3,0,2,0,0,1.0,,
../codelingua/segment_trees/qwq_level1_Java_C/qid_codeforces_387_B.json,28,5,23,17,1.17,2,1,1,0.6071428571428571,1.3529411764705883,correct,27,481.5925925925926,1338.0,108.0,335.74306330645845,6,19,1,0,1,0,0,,,
../codelingua/segment_trees/qwq_level1_Java_C/qid_codeforces_11_A.json,30,6,24,19,1.21,3,1,1,0.6333333333333333,1.263157894736842,correct,29,482.2413793103448,2435.0,101.0,447.48085794433825,14,9,0,4,0,0,0,2.0,,
../codelingua/segment_trees/qwq_level1_Java_C/qid_codeforces_607_A.json,29,6,23,17,1.22,3,1,1,0.5862068965517241,1.3529411764705883,correct,28,718.1428571428571,1966.0,164.0,592.4052488254799,7,13,1,3,1,0,0,3.0,,
../codelingua/segment_trees/qwq_level1_Java_C/qid_codeforces_242_B.json,55,13,42,24,1.29,2,1,1,0.43636363636363634,1.75,correct,54,340.0,1794.0,104.0,286.73984001016777,13,24,2,9,1,0,0,5.0,,
../codelingua/segment_trees/qwq_level1_Java_C/qid_atcoder_ABC123_B.json,46,9,37,28,1.22,3,1,1,0.6086956521739131,1.3214285714285714,correct,45,426.15555555555557,4415.0,104.0,674.7992279039729,10,30,0,0,1,0,1,3.0,,
../codelingua/segment_trees/qwq_level1_Java_C/qid_codeforces_342_B.json,63,20,43,17,1.44,4,1,1,0.2698412698412698,2.5294117647058822,correct,62,455.258064516129,6706.0,106.0,859.5194222523302,19,24,1,1,2,0,0,15.0,,
../codelingua/segment_trees/qwq_level1_Java_C/qid_atcoder_ABC162_D.json,38,10,28,18,1.32,4,1,1,0.47368421052631576,1.5555555555555556,correct,37,492.7027027027027,1853.0,91.0,437.36978156455416,9,18,1,1,2,0,0,6.0,,
../codelingua/segment_trees/qwq_level1_Java_C/qid_codeforces_567_A.json,28,6,22,14,1.23,3,1,1,0.5,1.5714285714285714,correct,27,395.5925925925926,2649.0,102.0,480.4775876674294,10,11,0,1,3,0,0,2.0,,
../codelingua/segment_trees/qwq_level1_Java_C/qid_atcoder_AGC007_C.json,45,10,35,20,1.26,5,1,1,0.4444444444444444,1.75,incorrect,44,295.0681818181818,1484.0,101.0,286.3030917740988,13,20,1,1,2,0,0,7.0,,
../codelingua/segment_trees/qwq_level1_Java_C/qid_codeforces_404_A.json,46,13,33,23,1.36,3,1,1,0.5,1.434782608695652,incorrect,45,621.1333333333333,2830.0,102.0,685.9170901395114,12,24,1,4,2,0,0,2.0,,
../codelingua/segment_trees/qwq_level1_Java_C/qid_atcoder_ABC166_C.json,84,13,71,30,1.17,3,1,1,0.35714285714285715,2.3666666666666667,correct,83,312.8072289156627,1921.0,98.0,274.8046959619054,16,40,1,9,3,0,1,13.0,,
../codelingua/segment_trees/qwq_level1_Java_C/qid_atcoder_AGC021_B.json,55,17,38,23,1.42,4,1,1,0.41818181818181815,1.6521739130434783,incorrect,54,379.85185185185185,2060.0,97.0,359.616168934004,6,24,1,2,4,0,0,17.0,,
../codelingua/segment_trees/qwq_level1_Java_C/qid_atcoder_AGC028_A.json,40,8,32,20,1.22,2,1,1,0.5,1.6,correct,39,429.5128205128205,1816.0,106.0,445.1313154443347,9,14,6,1,2,0,0,6.0,1.0,
../codelingua/segment_trees/qwq_level1_Java_C/qid_codeforces_579_A.json,29,6,23,20,1.22,2,1,1,0.6896551724137931,1.15,correct,28,431.7857142857143,1905.0,112.0,384.4260134126719,7,14,0,1,1,0,0,5.0,,
../codelingua/segment_trees/qwq_level1_Java_C/qid_codeforces_350_B.json,137,34,103,48,1.32,3,1,1,0.35036496350364965,2.1458333333333335,correct,136,473.49264705882354,7303.0,101.0,735.3454113677517,33,81,0,6,3,0,0,13.0,,
../codelingua/segment_trees/qwq_level1_Java_C/qid_atcoder_AGC037_E.json,88,20,68,33,1.28,4,1,1,0.375,2.0606060606060606,incorrect,87,481.04597701149424,3255.0,101.0,568.789737340078,22,47,1,1,6,0,0,10.0,,
../codelingua/segment_trees/qwq_level1_Java_C/qid_atcoder_ABC174_C.json,47,11,36,24,1.28,4,1,1,0.5106382978723404,1.5,correct,46,638.8695652173913,3665.0,98.0,777.8197051501119,10,25,0,1,4,0,0,6.0,,
../codelingua/segment_trees/qwq_level1_Java_C/qid_atcoder_AGC033_B.json,58,15,43,30,1.33,3,1,1,0.5172413793103449,1.4333333333333333,incorrect,57,635.4561403508771,5013.0,107.0,856.3297735555469,24,23,2,2,2,0,0,4.0,,
../codelingua/segment_trees/qwq_level1_Java_C/qid_codeforces_462_B.json,93,19,74,50,1.24,3,1,1,0.5376344086021505,1.48,incorrect,92,415.42391304347825,2471.0,102.0,425.48072963415666,8,59,1,6,0,0,0,17.0,,1.0
../codelingua/segment_trees/qwq_level1_Java_C/qid_codeforces_333_B.json,49,5,44,34,1.09,2,1,1,0.6938775510204082,1.2941176470588236,correct,48,424.375,1659.0,113.0,374.35320817122044,15,24,2,0,1,0,0,6.0,,
../codelingua/segment_trees/qwq_level1_Java_C/qid_atcoder_ABC146_D.json,79,12,67,47,1.16,2,1,1,0.5949367088607594,1.425531914893617,correct,78,419.34615384615387,3637.0,100.0,537.3807769176336,24,27,1,1,4,0,0,20.0,,1.0
../codelingua/segment_trees/qwq_level1_Java_C/qid_atcoder_AGC012_A.json,17,1,16,16,1.0,1,1,1,0.9411764705882353,1.0,correct,16,476.875,1372.0,119.0,377.66437922225776,4,10,0,0,0,0,0,2.0,,
../codelingua/segment_trees/qwq_level1_Java_C/qid_atcoder_ABC119_B.json,44,12,32,20,1.34,3,1,1,0.45454545454545453,1.6,correct,43,294.9767441860465,1417.0,100.0,242.0841538422708,9,18,7,1,5,0,0,3.0,,
../codelingua/segment_trees/qwq_level1_Java_C/qid_atcoder_ABC142_C.json,27,1,26,26,1.0,1,1,1,0.9629629629629629,1.0,correct,26,499.65384615384613,1811.0,102.0,493.60582997429776,5,13,4,1,0,0,0,3.0,,
../codelingua/segment_trees/qwq_level1_Java_C/qid_atcoder_AGC005_B.json,77,14,63,44,1.21,4,1,1,0.5714285714285714,1.4318181818181819,correct,76,642.2894736842105,6998.0,100.0,927.6706285572047,29,43,0,0,1,0,0,3.0,,
../codelingua/segment_trees/qwq_level1_Java_C/qid_codeforces_96_B.json,95,20,75,52,1.25,3,1,1,0.5473684210526316,1.4423076923076923,correct,94,552.0957446808511,3406.0,32.0,617.8485576553136,10,74,0,0,1,0,0,9.0,,
../codelingua/segment_trees/qwq_level1_Java_C/qid_atcoder_ABC168_B.json,36,6,30,30,1.17,2,1,1,0.8333333333333334,1.0,correct,35,294.2,2234.0,100.0,356.06879705373524,5,15,6,2,1,0,0,6.0,,
../codelingua/segment_trees/qwq_level1_Java_C/qid_atcoder_ABC150_C.json,101,25,76,38,1.32,4,1,1,0.37623762376237624,2.0,correct,100,471.41,3303.0,108.0,485.18891655464955,14,51,0,5,1,0,0,29.0,,
../codelingua/segment_trees/qwq_level1_Java_C/qid_atcoder_ABC137_D.json,65,13,52,44,1.23,5,1,1,0.676923076923077,1.1818181818181819,correct,64,578.390625,4399.0,102.0,710.5363415119082,15,23,2,2,5,0,0,17.0,,
../codelingua/segment_trees/qwq_level1_Java_C/qid_codeforces_514_A.json,43,7,36,18,1.17,2,1,1,0.4186046511627907,2.0,correct,42,565.452380952381,2870.0,104.0,533.5203016861363,2,35,0,1,1,0,0,3.0,,
../codelingua/segment_trees/qwq_level1_Java_C/qid_atcoder_ABC124_A.json,8,2,6,6,1.17,2,1,1,0.75,1.0,correct,7,511.57142857142856,1469.0,84.0,612.9820163601478,1,3,0,0,1,0,0,2.0,,
../codelingua/segment_trees/qwq_level1_Java_C/qid_codeforces_569_A.json,13,1,12,12,1.0,1,1,1,0.9230769230769231,1.0,correct,12,606.1666666666666,1649.0,172.0,489.26100737063996,3,6,1,0,2,0,0,,,
../codelingua/segment_trees/qwq_level1_Java_C/qid_codeforces_469_A.json,21,2,19,19,1.05,2,1,1,0.9047619047619048,1.0,correct,20,498.3,1834.0,102.0,496.62981024204805,8,8,2,0,0,0,0,2.0,,
../codelingua/segment_trees/qwq_level1_Java_C/qid_atcoder_AGC038_A.json,18,4,14,11,1.21,3,1,1,0.6111111111111112,1.2727272727272727,correct,17,700.1176470588235,2423.0,104.0,734.6236181161872,5,8,0,0,2,0,0,2.0,,
../codelingua/segment_trees/qwq_level1_Java_C/qid_atcoder_ABC172_D.json,24,4,20,20,1.15,2,1,1,0.8333333333333334,1.0,correct,23,392.82608695652175,1306.0,16.0,310.29833916496807,10,3,0,3,4,0,1,2.0,,
../codelingua/segment_trees/qwq_level1_Java_C/qid_atcoder_ABC129_E.json,63,11,52,44,1.19,3,1,1,0.6984126984126984,1.1818181818181819,correct,62,529.4193548387096,2871.0,101.0,566.791503238924,26,28,1,2,2,0,0,3.0,,
../codelingua/segment_trees/qwq_level1_Java_C/qid_atcoder_ABC133_B.json,18,1,17,17,1.0,1,1,1,0.9444444444444444,1.0,correct,17,467.8235294117647,1892.0,101.0,456.5093420859695,9,7,0,1,0,0,0,,,
../codelingua/segment_trees/qwq_level1_Java_C/qid_atcoder_ABC168_C.json,34,3,31,30,1.06,2,1,1,0.8823529411764706,1.0333333333333334,correct,33,540.2727272727273,3062.0,88.0,639.0368862948794,11,15,1,1,0,0,0,5.0,,
../codelingua/segment_trees/qwq_level1_Java_C/qid_atcoder_ABC132_F.json,60,17,43,31,1.37,3,1,1,0.5166666666666667,1.3870967741935485,correct,59,624.0,3305.0,100.0,681.1704936205842,18,26,1,4,1,0,0,8.0,,1.0
../codelingua/segment_trees/qwq_level1_Java_C/qid_atcoder_ARC102_C.json,58,12,46,41,1.24,2,1,1,0.7068965517241379,1.1219512195121952,incorrect,57,565.8947368421053,4209.0,98.0,773.4482087243769,23,27,1,3,1,0,0,2.0,,
../codelingua/segment_trees/qwq_level1_Java_C/qid_atcoder_ABC107_C.json,59,15,44,21,1.32,3,1,1,0.3559322033898305,2.0952380952380953,correct,58,525.7758620689655,2911.0,105.0,671.6979543390607,11,31,1,4,2,0,0,9.0,,
../codelingua/segment_trees/qwq_level1_Java_C/qid_codeforces_334_A.json,72,8,64,64,1.11,2,1,1,0.8888888888888888,1.0,incorrect,71,470.2957746478873,2173.0,105.0,464.7633005663419,6,56,0,1,0,0,0,8.0,,
../codelingua/segment_trees/qwq_level1_Java_C/qid_atcoder_ABC152_C.json,67,12,55,49,1.2,4,1,1,0.7313432835820896,1.1224489795918366,correct,66,373.1515151515151,1698.0,109.0,332.2467221543117,7,46,0,0,0,0,0,13.0,,
../codelingua/segment_trees/qwq_level1_Java_C/qid_atcoder_ABC109_B.json,59,14,45,27,1.29,3,1,1,0.4576271186440678,1.6666666666666667,correct,58,445.98275862068965,3357.0,16.0,555.1704492925529,12,28,4,1,1,0,1,10.0,,1.0
../codelingua/segment_trees/qwq_level1_Java_C/qid_atcoder_ABC135_D.json,79,14,65,46,1.2,4,1,1,0.5822784810126582,1.4130434782608696,correct,78,570.8076923076923,3618.0,98.0,649.7699304657477,28,37,0,1,4,0,0,8.0,,
../codelingua/segment_trees/qwq_level1_Java_C/qid_codeforces_544_B.json,28,4,24,17,1.12,2,1,1,0.6071428571428571,1.411764705882353,correct,27,529.1111111111111,2637.0,124.0,626.7482216435347,5,16,0,3,1,0,0,2.0,,
../codelingua/segment_trees/qwq_level1_Java_C/qid_codeforces_276_B.json,31,7,24,17,1.25,2,1,1,0.5483870967741935,1.411764705882353,correct,30,343.8333333333333,1188.0,103.0,277.96626976386324,6,15,3,1,1,0,0,4.0,,
../codelingua/segment_trees/qwq_level1_Java_C/qid_codeforces_302_A.json,33,4,29,27,1.1,2,1,1,0.8181818181818182,1.0740740740740742,correct,32,359.15625,1472.0,32.0,300.27354296514153,12,13,0,0,1,0,0,6.0,,
../codelingua/segment_trees/qwq_level1_Java_C/qid_atcoder_AGC002_A.json,10,1,9,9,1.0,1,1,1,0.9,1.0,correct,9,538.3333333333334,1058.0,95.0,391.1144333823542,2,3,0,0,2,0,0,2.0,,
../codelingua/segment_trees/qwq_level1_Java_C/qid_atcoder_ABC112_A.json,53,13,40,22,1.3,4,1,1,0.41509433962264153,1.8181818181818181,correct,52,445.75,1627.0,103.0,351.6416332508057,11,27,1,5,2,0,0,6.0,,
../codelingua/segment_trees/qwq_level1_Java_C/qid_codeforces_682_B.json,34,8,26,22,1.27,3,1,1,0.6470588235294118,1.1818181818181819,correct,33,430.09090909090907,1868.0,101.0,439.7424220237032,6,12,0,5,0,0,0,10.0,,
../codelingua/segment_trees/qwq_level1_Java_C/qid_atcoder_ABC178_B.json,43,9,34,17,1.24,2,1,1,0.3953488372093023,2.0,correct,42,359.76190476190476,1309.0,84.0,296.5213610142561,18,4,1,0,12,0,0,7.0,,
../codelingua/segment_trees/qwq_level1_Java_C/qid_atcoder_ABC123_C.json,42,13,29,20,1.41,3,1,1,0.47619047619047616,1.45,correct,41,456.1463414634146,1982.0,109.0,364.64719668301376,12,18,0,5,4,0,0,2.0,,
../codelingua/segment_trees/qwq_level1_Java_C/qid_codeforces_621_A.json,23,2,21,21,1.05,2,1,1,0.9130434782608695,1.0,correct,22,384.6818181818182,1209.0,110.0,278.2414823688634,4,9,0,1,0,0,0,7.0,,1.0
../codelingua/segment_trees/qwq_level1_Java_C/qid_atcoder_ABC089_C.json,43,12,31,21,1.35,3,1,1,0.4883720930232558,1.4761904761904763,correct,42,408.6666666666667,1731.0,104.0,373.6225215613831,7,20,6,5,1,0,0,3.0,,
../codelingua/segment_trees/qwq_level1_Java_C/qid_codeforces_25_A.json,20,2,18,18,1.06,2,1,1,0.9,1.0,correct,19,336.0,1015.0,115.0,243.2570656733325,4,11,0,0,2,0,0,2.0,,
../codelingua/segment_trees/qwq_level1_Java_C/qid_codeforces_581_B.json,30,1,29,29,1.0,1,1,1,0.9666666666666667,1.0,correct,29,557.8275862068965,1882.0,102.0,575.3312132381732,7,16,0,3,3,0,0,,,
../codelingua/segment_trees/qwq_level1_Java_C/qid_codeforces_32_B.json,50,9,41,38,1.2,3,1,1,0.76,1.0789473684210527,correct,49,327.61224489795916,1749.0,101.0,270.66275266514253,4,37,3,0,3,0,0,2.0,,
../codelingua/segment_trees/qwq_level1_Java_C/qid_codeforces_37_A.json,27,7,20,15,1.3,4,1,1,0.5555555555555556,1.3333333333333333,incorrect,26,424.96153846153845,1465.0,101.0,373.184188386296,6,8,0,1,0,0,0,9.0,,2.0
../codelingua/segment_trees/qwq_level1_Java_C/qid_codeforces_624_B.json,58,12,46,28,1.24,3,1,1,0.4827586206896552,1.6428571428571428,correct,57,426.4561403508772,2750.0,107.0,503.7253386439677,5,38,0,2,3,0,0,7.0,1.0,1.0
../codelingua/segment_trees/qwq_level1_Java_C/qid_codeforces_108_B.json,23,5,18,16,1.22,2,1,1,0.6956521739130435,1.125,correct,22,408.72727272727275,2288.0,103.0,489.5920733308479,7,11,1,1,1,0,0,1.0,,
../codelingua/segment_trees/qwq_level1_Java_C/qid_codeforces_154_A.json,102,27,75,48,1.35,3,1,1,0.47058823529411764,1.5625,correct,101,403.980198019802,2811.0,105.0,397.30552425552855,13,73,3,5,3,0,0,4.0,,
../codelingua/segment_trees/qwq_level1_Java_C/qid_codeforces_678_A.json,7,1,6,6,1.0,1,1,1,0.8571428571428571,1.0,correct,6,605.1666666666666,1419.0,92.0,515.1564487286039,2,3,0,0,0,0,0,1.0,,
../codelingua/segment_trees/qwq_level1_Java_C/qid_codeforces_397_B.json,42,9,33,21,1.24,3,1,1,0.5,1.5714285714285714,correct,41,437.4634146341463,2770.0,101.0,497.3939634515569,10,16,1,2,4,0,0,8.0,,
../codelingua/segment_trees/qwq_level1_Java_C/qid_codeforces_612_B.json,22,2,20,17,1.05,2,1,1,0.7727272727272727,1.1764705882352942,correct,21,435.6666666666667,1267.0,98.0,347.78604534013914,8,6,1,1,2,0,0,3.0,,
../codelingua/segment_trees/qwq_level1_Java_C/qid_codeforces_67_B.json,38,9,29,19,1.28,3,1,1,0.5,1.5263157894736843,correct,37,561.4324324324324,2533.0,106.0,551.7575222535379,7,18,0,3,1,0,1,7.0,,
../codelingua/segment_trees/qwq_level1_Java_C/qid_codeforces_146_A.json,50,6,44,31,1.11,4,1,1,0.62,1.4193548387096775,correct,49,466.7959183673469,2231.0,100.0,456.5305292635531,12,24,5,3,2,0,0,3.0,,
../codelingua/segment_trees/qwq_level1_Java_C/qid_atcoder_ABC123_D.json,57,7,50,46,1.12,3,1,1,0.8070175438596491,1.0869565217391304,correct,56,435.4107142857143,2333.0,100.0,404.5345597905512,13,31,0,2,1,0,0,9.0,,
../codelingua/segment_trees/qwq_level1_Java_C/qid_codeforces_95_A.json,71,18,53,27,1.32,4,1,1,0.38028169014084506,1.962962962962963,correct,70,493.48571428571427,3484.0,101.0,615.4400744997085,24,30,4,3,3,0,0,6.0,,
../codelingua/segment_trees/qwq_level1_Java_C/qid_codeforces_203_B.json,33,4,29,28,1.1,2,1,1,0.8484848484848485,1.0357142857142858,correct,32,434.5625,1559.0,113.0,348.47297645955365,12,11,1,6,1,0,0,1.0,,
../codelingua/segment_trees/qwq_level1_Java_C/qid_codeforces_445_A.json,53,12,41,27,1.27,3,1,1,0.5094339622641509,1.5185185185185186,incorrect,52,432.75,1430.0,100.0,307.02186643721035,15,29,1,3,0,0,0,4.0,,
../codelingua/segment_trees/qwq_level1_Java_C/qid_atcoder_ABC140_D.json,54,13,41,15,1.29,4,1,1,0.2777777777777778,2.7333333333333334,correct,53,546.7735849056604,3427.0,100.0,647.4198388606599,17,31,0,1,0,0,0,4.0,,
../codelingua/segment_trees/qwq_level1_Java_C/qid_atcoder_ABC070_B.json,47,6,41,32,1.12,2,1,1,0.6808510638297872,1.28125,correct,46,457.9130434782609,2270.0,102.0,436.6007495329727,6,34,1,0,1,0,0,4.0,,
../codelingua/segment_trees/qwq_level1_Java_C/qid_codeforces_306_A.json,16,1,15,15,1.0,1,1,1,0.9375,1.0,correct,15,437.6,1354.0,103.0,405.86007440988817,7,6,0,0,1,0,0,1.0,,
../codelingua/segment_trees/qwq_level1_Java_C/qid_atcoder_ABC174_E.json,37,3,34,29,1.06,3,1,1,0.7837837837837838,1.1724137931034482,correct,36,486.22222222222223,2242.0,101.0,502.97793823308626,14,14,1,0,3,0,0,4.0,,
../codelingua/segment_trees/qwq_level1_Java_C/qid_codeforces_99_A.json,54,15,39,18,1.36,6,1,1,0.3333333333333333,2.1666666666666665,correct,53,547.3207547169811,2778.0,87.0,597.1284417167815,13,32,0,3,1,0,0,4.0,,
../codelingua/segment_trees/qwq_level1_Java_C/qid_atcoder_AGC006_A.json,75,18,57,27,1.3,4,1,1,0.36,2.111111111111111,correct,74,544.4054054054054,2729.0,101.0,586.6717109327307,32,22,0,9,5,0,0,6.0,,
../codelingua/segment_trees/qwq_level1_Java_C/qid_codeforces_272_B.json,34,4,30,21,1.1,2,1,1,0.6176470588235294,1.4285714285714286,correct,33,417.45454545454544,2031.0,102.0,384.8474609268173,11,16,0,1,3,0,0,2.0,,
../codelingua/segment_trees/qwq_level1_Java_C/qid_atcoder_AGC029_C.json,113,34,79,52,1.42,4,1,1,0.46017699115044247,1.5192307692307692,correct,112,464.29464285714283,3427.0,100.0,590.0802455490767,24,46,1,8,2,0,0,30.0,,1.0
../codelingua/segment_trees/qwq_level1_Java_C/qid_atcoder_AGC027_B.json,25,5,20,19,1.2,3,1,1,0.76,1.0526315789473684,correct,24,839.9583333333334,4000.0,86.0,1034.321053477433,11,5,0,4,3,0,0,1.0,,
../codelingua/segment_trees/qwq_level1_Java_C/qid_atcoder_ABC107_D.json,64,15,49,25,1.29,4,1,1,0.390625,1.96,incorrect,63,416.984126984127,2649.0,99.0,447.5041716173731,30,18,0,3,5,0,0,6.0,,1.0
../codelingua/segment_trees/qwq_level1_Java_C/qid_atcoder_ABC132_A.json,47,8,39,32,1.18,3,1,1,0.6808510638297872,1.21875,correct,46,424.4782608695652,2469.0,16.0,442.593203699913,11,29,2,0,0,0,1,3.0,,
../codelingua/segment_trees/qwq_level1_Java_C/qid_atcoder_ABC151_A.json,37,6,31,19,1.16,2,1,1,0.5135135135135135,1.631578947368421,correct,36,822.8888888888889,3586.0,89.0,923.5427680646113,13,15,0,0,7,0,0,1.0,,
../codelingua/segment_trees/qwq_level1_Java_C/qid_atcoder_ABC158_B.json,86,16,70,50,1.21,3,1,1,0.5813953488372093,1.4,correct,85,460.3176470588235,3061.0,103.0,500.58673221589504,8,53,0,2,4,0,0,18.0,,
../codelingua/segment_trees/qwq_level1_Java_C/qid_atcoder_ABC051_A.json,21,4,17,14,1.18,2,1,1,0.6666666666666666,1.2142857142857142,correct,20,226.45,796.0,91.0,163.1897426472116,3,7,4,0,3,0,0,3.0,,
../codelingua/segment_trees/qwq_level1_Java_C/qid_atcoder_ABC164_D.json,63,10,53,43,1.17,3,1,1,0.6825396825396826,1.2325581395348837,incorrect,62,480.35483870967744,3284.0,95.0,583.375173740586,14,43,1,0,2,0,0,2.0,,
../codelingua/segment_trees/qwq_level1_Java_C/qid_atcoder_ABC125_B.json,48,12,36,23,1.31,3,1,1,0.4791666666666667,1.565217391304348,correct,47,316.51063829787233,1439.0,100.0,300.1337290594793,11,19,3,1,2,0,0,10.0,,1.0
../codelingua/segment_trees/qwq_level1_Java_C/qid_atcoder_AGC035_B.json,103,29,74,60,1.38,4,1,1,0.5825242718446602,1.2333333333333334,correct,102,421.6078431372549,5043.0,100.0,584.2190209949789,31,26,0,3,3,0,0,39.0,,
../codelingua/segment_trees/qwq_level1_Java_C/qid_codeforces_519_B.json,12,2,10,9,1.1,2,1,1,0.75,1.1111111111111112,correct,11,600.5454545454545,1919.0,199.0,502.64646892947803,4,5,0,0,2,0,0,,,
../codelingua/segment_trees/qwq_level1_Java_C/qid_atcoder_ABC133_E.json,73,15,58,39,1.24,3,1,1,0.5342465753424658,1.4871794871794872,correct,72,456.0138888888889,4161.0,93.0,745.6253164159854,21,15,1,2,3,0,0,30.0,,
../codelingua/segment_trees/qwq_level1_Java_C/qid_atcoder_ABC150_E.json,34,5,29,23,1.14,2,1,1,0.6764705882352942,1.2608695652173914,correct,33,651.3636363636364,2010.0,161.0,461.9412718478006,15,12,0,4,1,0,0,1.0,,
../codelingua/segment_trees/qwq_level1_Java_C/qid_codeforces_222_A.json,23,7,16,12,1.38,3,1,1,0.5217391304347826,1.3333333333333333,correct,22,500.09090909090907,1831.0,113.0,489.61334687407106,10,4,0,4,3,0,0,1.0,,
../codelingua/segment_trees/qwq_level1_Java_C/qid_atcoder_ABC143_A.json,15,2,13,13,1.08,2,1,1,0.8666666666666667,1.0,correct,14,372.35714285714283,941.0,89.0,274.04592740938574,6,5,0,1,1,0,0,,1.0,
../codelingua/segment_trees/qwq_level1_Java_C/qid_atcoder_ABC111_C.json,116,22,94,78,1.22,4,1,1,0.6724137931034483,1.205128205128205,correct,115,381.8782608695652,1894.0,104.0,328.4286925684357,25,79,0,2,0,0,0,9.0,,
../codelingua/segment_trees/qwq_level1_Java_C/qid_codeforces_296_A.json,27,4,23,21,1.13,2,1,1,0.7777777777777778,1.0952380952380953,correct,26,459.38461538461536,2399.0,101.0,476.89957659222785,7,11,1,1,1,0,0,5.0,,
../codelingua/segment_trees/qwq_level1_Java_C/qid_atcoder_ARC086_B.json,59,18,41,34,1.41,4,1,1,0.576271186440678,1.2058823529411764,incorrect,58,438.58620689655174,3136.0,103.0,515.352239768571,11,22,0,1,2,0,0,21.0,,1.0
../codelingua/segment_trees/qwq_level1_Java_C/qid_codeforces_637_A.json,84,21,63,45,1.32,4,1,1,0.5357142857142857,1.4,correct,83,371.69879518072287,3671.0,82.0,571.681723982074,9,38,0,2,1,0,0,33.0,,
../codelingua/segment_trees/qwq_level1_Java_C/qid_codeforces_629_A.json,67,12,55,29,1.2,3,1,1,0.43283582089552236,1.896551724137931,incorrect,66,341.54545454545456,1726.0,101.0,271.58900973675316,16,33,2,5,1,0,0,9.0,,
../codelingua/segment_trees/qwq_level1_Java_C/qid_codeforces_55_B.json,66,17,49,35,1.33,3,1,1,0.5303030303030303,1.4,correct,65,469.24615384615385,3122.0,112.0,524.740561812729,10,35,0,2,7,0,0,11.0,,
../codelingua/segment_trees/qwq_level1_Java_C/qid_codeforces_632_B.json,45,8,37,24,1.19,3,1,1,0.5333333333333333,1.5416666666666667,correct,44,378.90909090909093,1846.0,87.0,398.83037241657644,10,16,2,0,7,0,0,9.0,,
../codelingua/segment_trees/qwq_level1_Java_C/qid_codeforces_672_A.json,46,9,37,34,1.22,4,1,1,0.7391304347826086,1.088235294117647,correct,45,382.31111111111113,1993.0,79.0,365.17597390736415,10,25,0,1,2,0,0,7.0,,
../codelingua/segment_trees/qwq_level1_Java_C/qid_codeforces_61_B.json,78,16,62,54,1.24,3,1,1,0.6923076923076923,1.1481481481481481,correct,77,466.16883116883116,3551.0,101.0,575.4957908894821,17,29,3,4,0,0,0,23.0,1.0,
../codelingua/segment_trees/qwq_level1_Java_C/qid_codeforces_31_A.json,44,9,35,18,1.23,3,1,1,0.4090909090909091,1.9444444444444444,incorrect,43,551.8372093023256,2000.0,97.0,485.8854426142108,17,20,0,3,2,0,0,1.0,,
../codelingua/segment_trees/qwq_level1_Java_C/qid_codeforces_8_B.json,38,7,31,23,1.19,3,1,1,0.6052631578947368,1.3478260869565217,correct,37,559.8108108108108,3201.0,104.0,598.4557830987385,9,15,1,2,7,0,0,3.0,,
../codelingua/segment_trees/qwq_level1_Java_C/qid_codeforces_110_B.json,17,3,14,11,1.14,2,1,1,0.6470588235294118,1.2727272727272727,correct,16,749.4375,4401.0,150.0,1089.4511749041349,2,10,0,1,1,0,0,2.0,,
../codelingua/segment_trees/qwq_level1_Java_C/qid_atcoder_ABC150_D.json,61,7,54,52,1.11,2,1,1,0.8524590163934426,1.0384615384615385,correct,60,434.9,1518.0,102.0,345.91233826319615,20,20,1,13,4,0,0,2.0,,
../codelingua/segment_trees/qwq_level1_Java_C/qid_codeforces_379_A.json,9,1,8,8,1.0,1,1,1,0.8888888888888888,1.0,correct,8,652.5,1667.0,126.0,542.6572188249753,2,5,1,0,0,0,0,,,
../codelingua/segment_trees/qwq_level1_Java_C/qid_codeforces_313_B.json,58,9,49,27,1.16,2,1,1,0.46551724137931033,1.8148148148148149,correct,57,559.4736842105264,3032.0,100.0,656.0406973782507,16,29,2,0,4,0,0,5.0,1.0,
../codelingua/segment_trees/qwq_level1_Java_C/qid_codeforces_267_A.json,30,3,27,27,1.07,3,1,1,0.9,1.0,correct,29,645.7241379310345,3089.0,103.0,731.190560297369,3,23,0,2,1,0,0,,,
../codelingua/segment_trees/qwq_level1_Java_C/qid_atcoder_ABC125_C.json,67,15,52,30,1.27,3,1,1,0.44776119402985076,1.7333333333333334,correct,66,499.8030303030303,2627.0,106.0,612.4965863565023,11,28,1,5,5,0,0,16.0,,
../codelingua/segment_trees/qwq_level1_Java_C/qid_codeforces_459_A.json,18,5,13,10,1.31,4,1,1,0.5555555555555556,1.3,correct,17,454.2352941176471,2524.0,105.0,622.7316365630307,9,5,0,1,1,0,0,1.0,,
../codelingua/segment_trees/qwq_level1_Java_C/qid_atcoder_ABC152_E.json,95,20,75,53,1.25,3,1,1,0.5578947368421052,1.4150943396226414,incorrect,94,438.6808510638298,2777.0,100.0,394.31307393305735,10,68,0,4,1,0,0,11.0,,
../codelingua/segment_trees/qwq_level1_Java_C/qid_codeforces_189_A.json,54,11,43,22,1.23,4,1,1,0.4074074074074074,1.9545454545454546,correct,53,556.566037735849,3648.0,101.0,721.6863667143132,21,24,1,1,4,0,0,2.0,,
../codelingua/segment_trees/qwq_level1_Java_C/qid_atcoder_AGC011_C.json,77,23,54,37,1.41,3,1,1,0.4805194805194805,1.4594594594594594,correct,76,461.80263157894734,2590.0,107.0,525.4490655870612,26,11,1,3,4,0,0,31.0,,
../codelingua/segment_trees/qwq_level1_Java_C/qid_codeforces_412_A.json,66,19,47,19,1.38,3,1,1,0.2878787878787879,2.473684210526316,correct,65,349.16923076923075,1959.0,103.0,314.68518838429867,11,45,1,0,2,0,0,6.0,,
../codelingua/segment_trees/qwq_level1_Java_C/qid_atcoder_ABC153_A.json,6,1,5,5,1.0,1,1,1,0.8333333333333334,1.0,correct,5,464.2,1251.0,212.0,442.5185871802448,2,1,0,0,1,0,0,1.0,,
../codelingua/segment_trees/qwq_level1_Java_C/qid_atcoder_ABC127_B.json,38,10,28,17,1.32,4,1,1,0.4473684210526316,1.6470588235294117,correct,37,292.43243243243245,898.0,104.0,213.4167207523738,7,7,1,0,8,0,0,14.0,,
../codelingua/segment_trees/qwq_level1_Java_C/qid_atcoder_AGC046_B.json,47,9,38,27,1.21,2,1,1,0.574468085106383,1.4074074074074074,correct,46,485.69565217391306,3889.0,112.0,602.7023540158374,16,20,2,1,4,0,0,3.0,,
../codelingua/segment_trees/qwq_level1_Java_C/qid_atcoder_ABC105_D.json,102,32,70,25,1.44,6,1,1,0.24509803921568626,2.8,correct,101,450.86138613861385,2754.0,110.0,462.0024032340735,18,52,0,1,3,0,0,27.0,,
../codelingua/segment_trees/qwq_level1_Java_C/qid_codeforces_474_B.json,87,27,60,40,1.43,4,1,1,0.45977011494252873,1.5,correct,86,520.7790697674419,1942.0,101.0,482.176960465585,15,50,0,13,1,0,0,7.0,,
../codelingua/segment_trees/qwq_level1_Java_C/qid_atcoder_AGC003_C.json,24,6,18,16,1.28,3,1,1,0.6666666666666666,1.125,correct,23,470.5217391304348,1293.0,105.0,323.0341762900381,8,12,0,0,0,0,0,3.0,,
../codelingua/segment_trees/qwq_level1_Java_C/qid_codeforces_400_A.json,60,6,54,39,1.09,3,1,1,0.65,1.3846153846153846,incorrect,59,500.03389830508473,2397.0,103.0,513.8181271584433,13,32,1,3,4,0,0,5.0,,1.0
../codelingua/segment_trees/qwq_level1_Java_C/qid_codeforces_351_A.json,34,5,29,19,1.14,2,1,1,0.5588235294117647,1.5263157894736843,correct,33,674.8181818181819,2336.0,100.0,607.9971450665627,7,19,1,1,1,0,0,4.0,,
../codelingua/segment_trees/qwq_level1_Java_C/qid_codeforces_500_A.json,63,8,55,39,1.13,2,1,1,0.6190476190476191,1.4102564102564104,correct,62,595.0967741935484,2783.0,101.0,536.329746553931,12,34,0,6,4,0,0,6.0,,
../codelingua/segment_trees/qwq_level1_Java_C/qid_atcoder_ABC139_B.json,25,5,20,20,1.2,2,1,1,0.8,1.0,correct,24,433.5,1399.0,98.0,340.54317226148146,5,6,2,6,2,0,0,3.0,,
../codelingua/segment_trees/qwq_level1_Java_C/qid_atcoder_AGC004_B.json,38,6,32,23,1.16,3,1,1,0.6052631578947368,1.391304347826087,correct,37,589.2972972972973,4536.0,102.0,875.0543432288098,11,17,0,4,3,0,0,2.0,,
../codelingua/segment_trees/qwq_level1_Java_C/qid_codeforces_92_A.json,28,7,21,21,1.29,4,1,1,0.75,1.0,correct,27,525.2592592592592,1515.0,16.0,461.77030525447907,11,10,1,0,1,0,1,3.0,,
../codelingua/segment_trees/qwq_level1_Java_C/qid_codeforces_421_A.json,34,6,28,26,1.18,2,1,1,0.7647058823529411,1.0769230769230769,correct,33,324.3333333333333,1464.0,102.0,281.0650132383372,12,10,0,3,1,0,0,7.0,,
../codelingua/segment_trees/qwq_level1_Java_C/qid_atcoder_AGC013_A.json,50,6,44,35,1.11,3,1,1,0.7,1.2571428571428571,correct,49,432.7142857142857,1717.0,105.0,413.38012167979247,9,31,0,1,4,0,0,4.0,,
../codelingua/segment_trees/qwq_level1_Java_C/qid_atcoder_ABC120_C.json,70,9,61,48,1.13,2,1,1,0.6857142857142857,1.2708333333333333,correct,69,435.2608695652174,1745.0,100.0,386.4598621641562,7,54,0,2,2,0,0,3.0,,1.0
../codelingua/segment_trees/qwq_level1_Java_C/qid_atcoder_ABC147_D.json,40,8,32,20,1.22,4,1,1,0.5,1.6,correct,39,336.02564102564105,1757.0,100.0,355.7563837633754,13,19,1,2,2,0,0,2.0,,
../codelingua/segment_trees/qwq_level1_Java_C/qid_codeforces_216_B.json,95,23,72,36,1.31,3,1,1,0.37894736842105264,2.0,correct,94,403.9255319148936,5258.0,100.0,636.3879292895277,21,38,0,4,4,0,0,27.0,,
../codelingua/segment_trees/qwq_level1_Java_C/qid_codeforces_459_B.json,15,3,12,11,1.17,3,1,1,0.7333333333333333,1.0909090909090908,correct,14,486.14285714285717,2206.0,100.0,596.2971454856091,4,3,0,1,3,0,0,3.0,,
../codelingua/segment_trees/qwq_level1_Java_C/qid_codeforces_450_A.json,95,26,69,47,1.36,3,1,1,0.49473684210526314,1.4680851063829787,correct,94,416.56382978723406,3456.0,102.0,490.80170444513567,8,61,0,0,0,0,0,24.0,1.0,
../codelingua/segment_trees/qwq_level1_Java_C/qid_atcoder_ABC155_D.json,60,11,49,33,1.2,3,1,1,0.55,1.4848484848484849,correct,59,607.8305084745763,3052.0,103.0,628.8634836927256,23,27,1,1,4,0,0,3.0,,
../codelingua/segment_trees/qwq_level1_Java_C/qid_atcoder_ABC126_E.json,25,3,22,21,1.09,2,1,1,0.84,1.0476190476190477,correct,24,460.375,2007.0,90.0,526.1167677054872,13,4,1,1,2,0,0,3.0,,
../codelingua/segment_trees/qwq_level1_Java_C/qid_codeforces_354_A.json,48,10,38,29,1.24,3,1,1,0.6041666666666666,1.3103448275862069,correct,47,454.6808510638298,2996.0,111.0,491.80913169302914,17,15,0,10,2,0,0,3.0,,
../codelingua/segment_trees/qwq_level1_Java_C/qid_atcoder_ABC167_C.json,33,8,25,22,1.28,3,1,1,0.6666666666666666,1.1363636363636365,incorrect,32,422.09375,1458.0,103.0,417.67670468568963,12,6,1,6,2,0,0,5.0,,
../codelingua/segment_trees/qwq_level1_Java_C/qid_atcoder_ABC104_C.json,73,20,53,35,1.36,4,1,1,0.4794520547945205,1.5142857142857142,incorrect,72,469.2638888888889,3475.0,100.0,559.1263807615742,25,34,2,3,1,0,0,7.0,,
../codelingua/segment_trees/qwq_level1_Java_C/qid_atcoder_ABC145_E.json,47,10,37,27,1.24,4,1,1,0.574468085106383,1.3703703703703705,correct,46,492.30434782608694,2492.0,16.0,553.4134427779497,23,13,0,3,1,0,1,5.0,,
../codelingua/segment_trees/qwq_level1_Java_C/qid_atcoder_AGC043_B.json,66,16,50,22,1.3,3,1,1,0.3333333333333333,2.272727272727273,incorrect,65,425.32307692307694,2684.0,109.0,481.7787714453436,12,38,2,5,3,0,0,5.0,,
../codelingua/segment_trees/qwq_level1_Java_C/qid_atcoder_ABC140_F.json,90,23,67,45,1.33,3,1,1,0.5,1.488888888888889,correct,89,558.9775280898876,3577.0,100.0,728.9729072395454,33,32,0,3,4,0,0,16.0,1.0,
../codelingua/segment_trees/qwq_level1_Java_C/qid_atcoder_ABC134_E.json,125,50,75,29,1.65,9,1,1,0.232,2.586206896551724,correct,124,470.66129032258067,5036.0,100.0,675.6521798106437,12,56,0,1,1,0,0,54.0,,
../codelingua/segment_trees/qwq_level1_Java_C/qid_atcoder_AGC046_A.json,34,4,30,29,1.1,2,1,1,0.8529411764705882,1.0344827586206897,correct,33,477.6969696969697,1355.0,103.0,366.23468268724946,3,28,1,0,1,0,0,,,
../codelingua/segment_trees/qwq_level1_Java_C/qid_atcoder_AGC025_A.json,12,1,11,11,1.0,1,1,1,0.9166666666666666,1.0,correct,11,510.1818181818182,1089.0,16.0,368.1252010340553,4,4,0,1,1,0,1,,,
../codelingua/segment_trees/qwq_level1_Java_C/qid_codeforces_400_B.json,83,20,63,33,1.3,4,1,1,0.39759036144578314,1.9090909090909092,incorrect,82,395.9024390243902,2489.0,100.0,421.5531133812027,21,36,2,2,3,0,0,18.0,,
../codelingua/segment_trees/qwq_level1_Java_C/qid_codeforces_669_A.json,16,4,12,10,1.25,2,1,1,0.625,1.2,correct,15,463.8666666666667,1593.0,16.0,474.5367465323669,7,4,0,1,2,0,1,,,
../codelingua/segment_trees/qwq_level1_Java_C/qid_codeforces_131_B.json,18,3,15,15,1.13,2,1,1,0.8333333333333334,1.0,correct,17,447.0,1846.0,113.0,419.26021156317705,3,10,2,0,2,0,0,,,
../codelingua/segment_trees/qwq_level1_Java_C/qid_codeforces_134_A.json,87,22,65,43,1.32,3,1,1,0.4942528735632184,1.5116279069767442,correct,86,436.04651162790697,3681.0,100.0,559.6234428713807,13,42,3,4,1,0,0,23.0,,
../codelingua/segment_trees/qwq_level1_Java_C/qid_codeforces_665_A.json,46,8,38,19,1.18,3,1,1,0.41304347826086957,2.0,correct,45,472.2888888888889,2552.0,87.0,436.97189540488455,6,34,0,3,1,0,0,1.0,,
../codelingua/segment_trees/qwq_level1_Java_C/qid_codeforces_644_B.json,68,13,55,44,1.22,4,1,1,0.6470588235294118,1.25,correct,67,447.2089552238806,2114.0,102.0,441.8431964188418,10,31,1,2,4,0,1,18.0,,
../codelingua/segment_trees/qwq_level1_Java_C/qid_codeforces_49_A.json,33,4,29,28,1.1,2,1,1,0.8484848484848485,1.0357142857142858,correct,32,471.9375,2262.0,100.0,522.674569541279,5,16,5,4,1,0,0,,1.0,
../codelingua/segment_trees/qwq_level1_Java_C/qid_codeforces_653_A.json,36,8,28,24,1.25,3,1,1,0.6666666666666666,1.1666666666666667,correct,35,441.1714285714286,2234.0,109.0,445.7685686617246,4,13,4,1,1,0,0,9.0,2.0,1.0
../codelingua/segment_trees/qwq_level1_Java_C/qid_codeforces_23_B.json,11,3,8,7,1.25,2,1,1,0.6363636363636364,1.1428571428571428,correct,10,344.8,939.0,104.0,296.9754198582772,2,2,0,2,2,0,0,2.0,,
../codelingua/segment_trees/qwq_level1_Java_C/qid_codeforces_622_A.json,30,4,26,21,1.12,2,1,1,0.7,1.2380952380952381,correct,29,485.86206896551727,2781.0,100.0,612.4503900689153,9,11,0,0,7,0,0,2.0,,
../codelingua/segment_trees/qwq_level1_Java_C/qid_codeforces_608_A.json,27,4,23,16,1.13,2,1,1,0.5925925925925926,1.4375,correct,26,320.88461538461536,1706.0,100.0,356.6688466264557,10,5,2,1,2,0,0,6.0,,
../codelingua/segment_trees/qwq_level1_Java_C/qid_codeforces_147_A.json,56,13,43,31,1.28,3,1,1,0.5535714285714286,1.3870967741935485,correct,55,467.1090909090909,2501.0,102.0,509.91475949697906,11,28,1,2,1,0,0,11.0,1.0,
../codelingua/segment_trees/qwq_level1_Java_C/qid_codeforces_171_A.json,15,1,14,14,1.0,1,1,1,0.9333333333333333,1.0,correct,14,490.35714285714283,2028.0,99.0,510.513407816523,3,8,0,0,2,0,0,1.0,,
../codelingua/segment_trees/qwq_level1_Java_C/qid_codeforces_629_B.json,41,9,32,21,1.25,2,1,1,0.5121951219512195,1.5238095238095237,correct,40,399.425,1546.0,116.0,343.43639634338894,10,26,1,0,1,0,0,2.0,,
../codelingua/segment_trees/qwq_level1_Java_C/qid_codeforces_59_A.json,23,4,19,18,1.16,2,1,1,0.782608695652174,1.0555555555555556,incorrect,22,315.40909090909093,1320.0,94.0,267.4382276857698,10,4,3,1,1,0,0,2.0,,1.0
../codelingua/segment_trees/qwq_level1_Java_C/qid_codeforces_651_A.json,23,5,18,12,1.22,2,1,1,0.5217391304347826,1.5,correct,22,897.5454545454545,5282.0,83.0,1103.3473194598823,4,15,0,0,2,0,0,1.0,,
../codelingua/segment_trees/qwq_level1_Java_C/qid_codeforces_55_A.json,14,1,13,13,1.0,1,1,1,0.9285714285714286,1.0,correct,13,1554.2307692307693,3919.0,103.0,1488.417456777844,5,7,0,0,1,0,0,,,
../codelingua/segment_trees/qwq_level1_Java_C/qid_codeforces_203_A.json,27,5,22,19,1.18,4,1,1,0.7037037037037037,1.1578947368421053,correct,26,569.7692307692307,2011.0,102.0,474.8997627030199,7,13,1,1,2,0,0,2.0,,
../codelingua/segment_trees/qwq_level1_Java_C/qid_atcoder_ABC171_E.json,24,3,21,20,1.1,2,1,1,0.8333333333333334,1.05,correct,23,407.7391304347826,964.0,106.0,274.2893656824526,5,13,1,0,1,0,0,3.0,,
../codelingua/segment_trees/qwq_level1_Java_C/qid_atcoder_ABC108_B.json,56,15,41,27,1.34,4,1,1,0.48214285714285715,1.5185185185185186,incorrect,55,540.6363636363636,2739.0,32.0,607.8274110437615,19,11,1,14,3,0,0,7.0,,
../codelingua/segment_trees/qwq_level1_Java_C/qid_codeforces_369_B.json,43,8,35,20,1.2,3,1,1,0.46511627906976744,1.75,incorrect,42,556.7619047619048,3876.0,16.0,869.2995725329903,17,7,0,2,6,0,1,9.0,,
../codelingua/segment_trees/qwq_level1_Java_C/qid_atcoder_ABC122_C.json,52,8,44,19,1.16,3,1,1,0.36538461538461536,2.3157894736842106,correct,51,451.4901960784314,1215.0,100.0,295.06279823447886,11,26,2,4,4,0,0,4.0,,
../codelingua/segment_trees/qwq_level1_Java_C/qid_atcoder_ABC170_A.json,44,7,37,22,1.16,3,1,1,0.5,1.6818181818181819,correct,43,299.30232558139534,798.0,111.0,183.49251118541477,4,34,0,0,1,0,0,3.0,1.0,
../codelingua/segment_trees/qwq_level1_Java_C/qid_codeforces_265_B.json,21,3,18,14,1.11,2,1,1,0.6666666666666666,1.2857142857142858,correct,20,432.0,1862.0,115.0,417.6006654562151,4,4,0,4,4,0,0,4.0,,
../codelingua/segment_trees/qwq_level1_Java_C/qid_codeforces_534_B.json,51,14,37,25,1.35,5,1,1,0.49019607843137253,1.48,incorrect,50,447.56,2843.0,16.0,449.1571771617575,16,21,1,2,5,0,1,4.0,,
../codelingua/segment_trees/qwq_level1_Java_C/qid_atcoder_AGC006_B.json,24,4,20,16,1.15,2,1,1,0.6666666666666666,1.25,correct,23,444.4347826086956,1577.0,16.0,388.7920484230562,3,16,0,1,1,0,1,1.0,,
../codelingua/segment_trees/qwq_level1_Java_C/qid_atcoder_ABC126_D.json,39,8,31,23,1.23,2,1,1,0.5897435897435898,1.3478260869565217,correct,38,470.10526315789474,2233.0,101.0,419.9086637799897,17,7,2,2,3,0,0,7.0,,
../codelingua/segment_trees/qwq_level1_Java_C/qid_atcoder_ARC062_B.json,30,7,23,15,1.26,4,1,1,0.5,1.5333333333333334,incorrect,29,360.48275862068965,1685.0,16.0,361.1393301255719,4,12,2,0,3,0,1,7.0,,
../codelingua/segment_trees/qwq_level1_Java_C/qid_atcoder_ABC155_E.json,73,22,51,33,1.41,5,1,1,0.4520547945205479,1.5454545454545454,correct,72,578.375,6108.0,101.0,858.1392486481565,15,38,0,8,1,0,0,10.0,,
../codelingua/segment_trees/qwq_level1_Java_C/qid_atcoder_AGC027_A.json,69,20,49,31,1.39,4,1,1,0.4492753623188406,1.5806451612903225,correct,68,483.29411764705884,2899.0,100.0,522.4420573120656,6,49,0,3,0,0,1,9.0,,
../codelingua/segment_trees/qwq_level1_Java_C/qid_codeforces_327_A.json,48,11,37,33,1.27,3,1,1,0.6875,1.121212121212121,correct,47,540.5744680851063,2446.0,104.0,509.42451523778715,11,25,1,1,5,0,0,4.0,,
../codelingua/segment_trees/qwq_level1_Java_C/qid_codeforces_190_A.json,17,1,16,16,1.0,1,1,1,0.9411764705882353,1.0,correct,16,877.625,4007.0,103.0,1106.5741050648166,2,12,0,1,1,0,0,,,
../codelingua/segment_trees/qwq_level1_Java_C/qid_atcoder_ABC114_C.json,70,17,53,37,1.3,3,1,1,0.5285714285714286,1.4324324324324325,correct,69,514.9565217391304,2534.0,100.0,476.02083601155056,12,47,0,0,3,0,0,7.0,,
../codelingua/segment_trees/qwq_level1_Java_C/qid_atcoder_ABC169_C.json,33,7,26,21,1.23,2,1,1,0.6363636363636364,1.2380952380952381,correct,32,345.3125,869.0,100.0,214.31487800776657,8,16,2,0,2,0,0,4.0,,
../codelingua/segment_trees/qwq_level1_Java_C/qid_atcoder_ABC158_A.json,17,1,16,16,1.0,1,1,1,0.9411764705882353,1.0,correct,16,340.1875,791.0,126.0,204.68584668543483,1,12,1,0,0,0,0,2.0,,
../codelingua/segment_trees/qwq_level1_Java_C/qid_atcoder_ABC125_A.json,18,4,14,11,1.21,2,1,1,0.6111111111111112,1.2727272727272727,correct,17,336.3529411764706,770.0,112.0,215.34737668952187,5,9,1,0,0,0,0,2.0,,
../codelingua/segment_trees/qwq_level1_Java_C/qid_atcoder_ABC154_A.json,79,17,62,45,1.26,4,1,1,0.569620253164557,1.3777777777777778,correct,78,360.4230769230769,1454.0,100.0,273.8913671859356,13,52,6,1,3,0,0,3.0,,
../codelingua/segment_trees/qwq_level1_Java_C/qid_atcoder_ABC106_C.json,59,10,49,40,1.18,3,1,1,0.6779661016949152,1.225,correct,58,415.5,2032.0,16.0,371.50170597705153,4,46,0,0,2,0,1,5.0,,
../codelingua/segment_trees/qwq_level1_Java_C/qid_atcoder_ABC043_B.json,43,5,38,33,1.11,2,1,1,0.7674418604651163,1.1515151515151516,correct,42,303.04761904761904,1726.0,102.0,286.90093066872936,9,17,2,0,1,0,0,13.0,,
../codelingua/segment_trees/qwq_level1_Java_C/qid_atcoder_ABC118_C.json,122,25,97,69,1.25,4,1,1,0.5655737704918032,1.4057971014492754,correct,121,377.72727272727275,2817.0,100.0,379.2524005637055,18,85,0,0,1,0,0,13.0,1.0,3.0
../codelingua/segment_trees/qwq_level1_Java_C/qid_codeforces_356_A.json,134,47,87,35,1.53,4,1,1,0.26119402985074625,2.4857142857142858,incorrect,133,417.23308270676694,3420.0,100.0,482.0955658941688,21,76,0,0,1,0,0,35.0,,
../codelingua/segment_trees/qwq_level1_Java_C/qid_atcoder_ABC165_C.json,58,10,48,40,1.19,2,1,1,0.6896551724137931,1.2,correct,57,452.29824561403507,4906.0,59.0,676.0612019239584,6,36,0,2,4,0,0,9.0,,
../codelingua/segment_trees/qwq_level1_Java_C/qid_codeforces_58_B.json,15,3,12,10,1.17,2,1,1,0.6666666666666666,1.2,incorrect,14,562.2142857142857,2833.0,153.0,672.8116868292835,3,10,0,0,0,0,0,1.0,,
../codelingua/segment_trees/qwq_level1_Java_C/qid_codeforces_596_B.json,23,2,21,21,1.05,2,1,1,0.9130434782608695,1.0,correct,22,355.8636363636364,1294.0,102.0,255.563857541291,4,5,3,4,6,0,0,,,
../codelingua/segment_trees/qwq_level1_Java_C/qid_codeforces_581_A.json,19,1,18,18,1.0,1,1,1,0.9473684210526315,1.0,correct,18,325.72222222222223,889.0,106.0,203.16750711595697,2,15,0,0,1,0,0,,,
../codelingua/segment_trees/qwq_level1_Java_C/qid_codeforces_7_B.json,45,16,29,13,1.52,4,1,1,0.28888888888888886,2.230769230769231,incorrect,44,474.72727272727275,2809.0,103.0,538.2355481435728,8,25,3,1,4,0,0,3.0,,
../codelingua/segment_trees/qwq_level1_Java_C/qid_codeforces_705_B.json,35,3,32,21,1.06,2,1,1,0.6,1.5238095238095237,correct,34,500.9117647058824,1998.0,122.0,473.60905548052506,9,21,0,0,3,0,0,1.0,,
../codelingua/segment_trees/qwq_level1_Java_C/qid_codeforces_678_B.json,21,2,19,18,1.05,2,1,1,0.8571428571428571,1.0555555555555556,correct,20,732.05,3984.0,108.0,883.4823725641496,8,10,0,1,0,0,0,1.0,,
../codelingua/segment_trees/qwq_level1_Java_C/qid_codeforces_617_B.json,37,7,30,19,1.2,3,1,1,0.5135135135135135,1.5789473684210527,correct,36,301.3333333333333,1606.0,108.0,266.25058014691996,6,10,1,1,1,0,0,16.0,,1.0
../codelingua/segment_trees/qwq_level1_Java_C/qid_codeforces_70_B.json,116,32,84,33,1.37,5,1,1,0.28448275862068967,2.5454545454545454,correct,115,438.1913043478261,2577.0,102.0,437.3843685920138,26,65,2,7,0,0,0,15.0,,
../codelingua/segment_trees/qwq_level1_Java_C/qid_codeforces_79_A.json,42,5,37,33,1.11,3,1,1,0.7857142857142857,1.121212121212121,correct,41,371.9756097560976,1827.0,103.0,364.48295486928316,8,27,0,2,4,0,0,,,
../codelingua/segment_trees/qwq_level1_Java_C/qid_codeforces_609_B.json,13,3,10,10,1.2,2,1,1,0.7692307692307693,1.0,correct,12,589.0,1645.0,159.0,447.1402057927286,3,4,0,2,3,0,0,,,
../codelingua/segment_trees/qwq_level1_Java_C/qid_atcoder_AGC004_D.json,81,15,66,39,1.21,3,1,1,0.48148148148148145,1.6923076923076923,incorrect,80,541.0125,3527.0,101.0,697.4184312134306,15,41,0,1,2,0,0,20.0,1.0,
../codelingua/segment_trees/qwq_level1_Java_C/qid_codeforces_231_A.json,13,3,10,8,1.2,2,1,1,0.6153846153846154,1.25,correct,12,445.0833333333333,1232.0,100.0,305.4872288160292,4,5,0,0,1,0,0,2.0,,
../codelingua/segment_trees/qwq_level1_Java_C/qid_atcoder_ABC136_B.json,35,6,29,22,1.17,2,1,1,0.6285714285714286,1.3181818181818181,correct,34,541.9117647058823,3088.0,16.0,687.5142474621584,7,19,0,5,1,0,1,1.0,,
../codelingua/segment_trees/qwq_level1_Java_C/qid_atcoder_ABC142_A.json,91,27,64,38,1.41,4,1,1,0.4175824175824176,1.6842105263157894,correct,90,468.6222222222222,3380.0,100.0,508.7333373088383,7,70,1,2,1,0,0,9.0,,
../codelingua/segment_trees/qwq_level1_Java_C/qid_atcoder_ABC110_C.json,67,13,54,46,1.22,2,1,1,0.6865671641791045,1.173913043478261,incorrect,66,682.0,9262.0,101.0,1334.6881168388252,14,45,0,0,2,0,0,5.0,,
../codelingua/segment_trees/qwq_level1_Java_C/qid_atcoder_ABC042_A.json,11,1,10,10,1.0,1,1,1,0.9090909090909091,1.0,correct,10,461.5,1956.0,107.0,549.7125006158523,6,2,0,0,0,0,0,2.0,,
../codelingua/segment_trees/qwq_level1_Java_C/qid_codeforces_340_A.json,35,7,28,24,1.21,2,1,1,0.6857142857142857,1.1666666666666667,correct,34,879.6470588235294,4724.0,121.0,1022.4320347080035,10,18,0,2,3,0,0,1.0,,
../codelingua/segment_trees/qwq_level1_Java_C/qid_codeforces_518_B.json,86,19,67,29,1.27,3,1,1,0.3372093023255814,2.310344827586207,incorrect,85,336.36470588235295,2218.0,16.0,303.6997987933394,18,52,3,1,1,0,1,9.0,,
../codelingua/segment_trees/qwq_level1_Java_C/qid_atcoder_ABC169_D.json,43,7,36,15,1.17,2,1,1,0.3488372093023256,2.4,correct,42,685.2619047619048,4072.0,104.0,831.2308551845977,6,32,1,0,2,0,0,1.0,,
../codelingua/segment_trees/qwq_level1_Java_C/qid_atcoder_AGC034_B.json,53,13,40,21,1.3,3,1,1,0.39622641509433965,1.9047619047619047,incorrect,52,570.4038461538462,3290.0,109.0,565.1505875884619,16,30,1,1,0,0,0,4.0,,
../codelingua/segment_trees/qwq_level1_Java_C/qid_codeforces_268_A.json,18,4,14,11,1.21,3,1,1,0.6111111111111112,1.2727272727272727,correct,17,280.7647058823529,923.0,103.0,194.53744157994518,1,10,1,1,2,0,0,2.0,,
../codelingua/segment_trees/qwq_level1_Java_C/qid_atcoder_ABC145_C.json,39,4,35,33,1.09,2,1,1,0.8461538461538461,1.0606060606060606,correct,38,392.10526315789474,1507.0,94.0,334.4073248158141,14,11,1,5,1,0,0,6.0,,
../codelingua/segment_trees/qwq_level1_Java_C/qid_atcoder_AGC002_B.json,51,7,44,38,1.14,3,1,1,0.7450980392156863,1.1578947368421053,correct,50,523.96,3477.0,103.0,603.622397171731,12,34,0,1,1,0,0,2.0,,
../codelingua/segment_trees/qwq_level1_Java_C/qid_atcoder_ABC122_D.json,106,19,87,62,1.21,3,1,1,0.5849056603773585,1.403225806451613,correct,105,527.5238095238095,3633.0,101.0,614.054684598738,17,63,1,2,0,0,0,20.0,2.0,
../codelingua/segment_trees/qwq_level1_Java_C/qid_codeforces_373_B.json,56,16,40,34,1.38,4,1,1,0.6071428571428571,1.1764705882352942,correct,55,461.3818181818182,2134.0,103.0,434.1389302681928,22,20,0,3,4,0,0,6.0,,
../codelingua/segment_trees/qwq_level1_Java_C/qid_atcoder_ABC149_C.json,24,4,20,18,1.15,2,1,1,0.75,1.1111111111111112,correct,23,626.9565217391304,3240.0,102.0,794.6547837246326,9,11,0,1,0,0,0,2.0,,
../codelingua/segment_trees/qwq_level1_Java_C/qid_codeforces_456_A.json,44,10,34,19,1.26,4,1,1,0.4318181818181818,1.7894736842105263,correct,43,396.3255813953488,2051.0,76.0,367.9572776009939,13,28,0,0,1,0,0,1.0,,
../codelingua/segment_trees/qwq_level1_Java_C/qid_atcoder_AGC019_A.json,13,2,11,11,1.09,2,1,1,0.8461538461538461,1.0,correct,12,699.1666666666666,2248.0,114.0,674.6303814053674,3,5,0,2,2,0,0,,,
../codelingua/segment_trees/qwq_level1_Java_C/qid_atcoder_AGC010_B.json,22,5,17,13,1.24,3,1,1,0.5909090909090909,1.3076923076923077,correct,21,415.85714285714283,1505.0,99.0,370.3617536563793,8,5,1,0,4,0,0,3.0,,
../codelingua/segment_trees/qwq_level1_Java_C/qid_codeforces_86_A.json,42,10,32,24,1.28,4,1,1,0.5714285714285714,1.3333333333333333,correct,41,462.7560975609756,2294.0,104.0,503.024193279399,8,23,1,6,2,0,0,1.0,,
../codelingua/segment_trees/qwq_level1_Java_C/qid_atcoder_ABC171_B.json,30,7,23,16,1.26,3,1,1,0.5333333333333333,1.4375,correct,29,301.2068965517241,1108.0,84.0,242.78037978362622,5,17,2,0,2,0,0,2.0,1.0,
../codelingua/segment_trees/qwq_level1_Java_C/qid_atcoder_ABC178_A.json,25,5,20,19,1.2,2,1,1,0.76,1.0526315789473684,correct,24,454.4583333333333,1661.0,101.0,362.89296291913945,7,9,0,2,4,0,0,2.0,,
../codelingua/segment_trees/qwq_level1_Java_C/qid_codeforces_242_A.json,18,4,14,14,1.21,3,1,1,0.7777777777777778,1.0,correct,17,555.8235294117648,1751.0,16.0,600.4499599565019,9,5,0,0,1,0,1,1.0,,
../codelingua/segment_trees/qwq_level1_Java_C/qid_atcoder_AGC014_D.json,79,17,62,28,1.26,4,1,1,0.35443037974683544,2.2142857142857144,correct,78,390.71794871794873,2154.0,93.0,423.1781700061613,20,20,0,5,5,0,0,28.0,,
../codelingua/segment_trees/qwq_level1_Java_C/qid_atcoder_ABC127_F.json,133,36,97,38,1.36,5,1,1,0.2857142857142857,2.5526315789473686,incorrect,132,529.6666666666666,5658.0,100.0,826.8457923800486,22,81,2,12,2,0,0,13.0,,
../codelingua/segment_trees/qwq_level1_Java_C/qid_atcoder_ABC112_C.json,43,10,33,22,1.27,4,1,1,0.5116279069767442,1.5,correct,42,536.8095238095239,2552.0,109.0,537.1982982236651,10,22,4,1,2,0,0,2.0,,1.0
../codelingua/segment_trees/qwq_level1_Java_C/qid_atcoder_ABC149_B.json,26,2,24,21,1.04,2,1,1,0.8076923076923077,1.1428571428571428,correct,25,612.24,1785.0,122.0,527.5178733148922,10,11,0,1,2,0,0,1.0,,
../codelingua/segment_trees/qwq_level1_Java_C/qid_atcoder_AGC028_B.json,38,11,27,18,1.37,3,1,1,0.47368421052631576,1.5,correct,37,952.8918918918919,7797.0,102.0,1461.4089241357271,12,13,2,7,1,0,0,2.0,,
../codelingua/segment_trees/qwq_level1_Java_C/qid_codeforces_408_B.json,55,10,45,27,1.2,2,1,1,0.4909090909090909,1.6666666666666667,correct,54,376.9259259259259,2561.0,97.0,456.57923538317937,17,23,1,0,1,0,0,12.0,,
../codelingua/segment_trees/qwq_level1_Java_C/qid_atcoder_AGC024_B.json,49,11,38,35,1.26,3,1,1,0.7142857142857143,1.0857142857142856,correct,48,386.8125,3153.0,102.0,467.5496858908107,9,28,0,2,3,0,0,6.0,,
../codelingua/segment_trees/qwq_level1_Java_C/qid_atcoder_ABC145_B.json,64,10,54,42,1.17,2,1,1,0.65625,1.2857142857142858,incorrect,63,382.55555555555554,2077.0,101.0,353.84527226248053,6,45,2,2,2,0,0,6.0,,
../codelingua/segment_trees/qwq_level1_Java_C/qid_atcoder_ABC167_D.json,57,12,45,26,1.24,4,1,1,0.45614035087719296,1.7307692307692308,correct,56,605.875,4008.0,75.0,830.3475080295653,13,31,1,3,2,0,0,6.0,,
../codelingua/segment_trees/qwq_level1_Java_C/qid_atcoder_AGC033_A.json,68,8,60,35,1.12,2,1,1,0.5147058823529411,1.7142857142857142,incorrect,67,478.3134328358209,3134.0,108.0,542.1073137906459,19,42,0,0,2,0,0,4.0,,
../codelingua/segment_trees/qwq_level1_Java_C/qid_atcoder_ABC148_F.json,73,15,58,35,1.24,4,1,1,0.4794520547945205,1.6571428571428573,correct,72,404.8888888888889,2893.0,101.0,505.4031874124217,15,22,0,7,4,0,0,21.0,1.0,2.0
../codelingua/segment_trees/qwq_level1_Java_C/qid_atcoder_ABC128_C.json,102,25,77,50,1.31,5,1,1,0.49019607843137253,1.54,correct,101,319.45544554455444,1813.0,106.0,300.47101440080615,36,50,0,1,2,0,0,12.0,,
../codelingua/segment_trees/qwq_level1_Java_C/qid_atcoder_ABC169_E.json,31,9,22,18,1.36,3,1,1,0.5806451612903226,1.2222222222222223,correct,30,462.1,2057.0,100.0,458.1482481046712,11,12,0,1,2,0,0,4.0,,
../codelingua/segment_trees/qwq_level1_Java_C/qid_atcoder_ABC164_A.json,27,4,23,21,1.13,2,1,1,0.7777777777777778,1.0952380952380953,correct,26,422.9230769230769,1786.0,103.0,438.57559650093833,6,12,3,2,2,0,0,1.0,,
../codelingua/segment_trees/qwq_level1_Java_C/qid_codeforces_274_A.json,125,20,105,96,1.18,4,1,1,0.768,1.09375,correct,124,369.3790322580645,2612.0,100.0,301.6784912404341,18,88,1,3,1,0,0,12.0,,1.0
../codelingua/segment_trees/qwq_level1_Java_C/qid_atcoder_ABC143_D.json,38,7,31,20,1.19,2,1,1,0.5263157894736842,1.55,correct,37,708.1351351351351,4227.0,95.0,1001.1750918618404,6,23,0,1,1,0,0,6.0,,
../codelingua/segment_trees/qwq_level1_Java_C/qid_atcoder_AGC017_A.json,99,26,73,27,1.34,3,1,1,0.2727272727272727,2.7037037037037037,incorrect,98,491.33673469387753,7931.0,102.0,863.6583534130585,11,53,3,5,3,0,1,21.0,,1.0
../codelingua/segment_trees/qwq_level1_Java_C/qid_atcoder_ABC124_C.json,37,8,29,17,1.24,3,1,1,0.4594594594594595,1.7058823529411764,correct,36,661.5833333333334,4075.0,103.0,897.3364514733908,6,18,0,0,2,0,0,10.0,,
../codelingua/segment_trees/qwq_level1_Java_C/qid_codeforces_546_A.json,21,2,19,16,1.05,2,1,1,0.7619047619047619,1.1875,correct,20,317.25,783.0,83.0,179.18584148719364,5,6,0,2,6,0,0,,1.0,
../codelingua/segment_trees/qwq_level1_Java_C/qid_codeforces_56_B.json,52,7,45,37,1.13,2,1,1,0.7115384615384616,1.2162162162162162,correct,51,479.45098039215685,2086.0,98.0,433.77106006396923,8,39,0,0,1,0,0,3.0,,
../codelingua/segment_trees/qwq_level1_Java_C/qid_codeforces_30_A.json,27,6,21,19,1.24,3,1,1,0.7037037037037037,1.105263157894737,incorrect,26,726.3846153846154,3931.0,103.0,896.5778974265684,5,15,0,1,2,0,0,3.0,,
../codelingua/segment_trees/qwq_level1_Java_C/qid_codeforces_299_A.json,9,2,7,7,1.14,2,1,1,0.7777777777777778,1.0,correct,8,611.75,1144.0,168.0,347.17873124454417,3,1,1,1,2,0,0,,,
../codelingua/segment_trees/qwq_level1_Java_C/qid_codeforces_287_A.json,59,12,47,31,1.23,3,1,1,0.5254237288135594,1.5161290322580645,incorrect,58,515.5862068965517,3193.0,111.0,537.3599216730325,15,38,0,2,1,0,0,2.0,,
../codelingua/segment_trees/qwq_level1_Java_C/qid_codeforces_387_A.json,40,2,38,37,1.03,2,1,1,0.925,1.027027027027027,correct,39,477.2307692307692,3095.0,96.0,591.5313962187896,3,31,0,0,1,0,0,4.0,,
../codelingua/segment_trees/qwq_level1_Java_C/qid_codeforces_148_B.json,23,3,20,20,1.1,2,1,1,0.8695652173913043,1.0,correct,22,499.59090909090907,1206.0,108.0,389.044698018463,10,6,2,1,2,0,0,1.0,,
../codelingua/segment_trees/qwq_level1_Java_C/qid_codeforces_282_B.json,35,6,29,23,1.17,3,1,1,0.6571428571428571,1.2608695652173914,correct,34,445.3235294117647,1953.0,106.0,435.2723787147701,8,19,1,2,4,0,0,,,
../codelingua/segment_trees/qwq_level1_Java_C/qid_codeforces_673_A.json,19,3,16,13,1.12,2,1,1,0.6842105263157895,1.2307692307692308,correct,18,402.22222222222223,2597.0,98.0,572.8796768807623,10,4,0,0,2,0,0,2.0,,
