file,total_nodes,leaf_nodes,internal_nodes,max_depth,average_branching_factor,max_branching_factor,min_branching_factor,first_branching_factor,depth_per_nodes,internal_per_depth,state,total_segments,avg_segment_len,max_segment_len,min_segment_len,std_dev_len,code_analysis,mental_execution,test_generation,bug_fixing,language_mapping,high_level_plan,empty
../codelingua/segment_trees/r1_level1_Java_Fortran/qid_codeforces_598_A.json,67,19,48,34,1.38,3,1,1,0.5074626865671642,1.411764705882353,incorrect,66,240.87878787878788,1006.0,30.0,216.3390867739819,33,9,0,6,9,7,2
../codelingua/segment_trees/r1_level1_Java_Fortran/qid_codeforces_583_B.json,45,19,26,16,1.69,11,1,1,0.35555555555555557,1.625,incorrect,44,213.77272727272728,953.0,16.0,231.1237324551871,17,8,1,1,8,8,1
../codelingua/segment_trees/r1_level1_Java_Fortran/qid_codeforces_106_B.json,51,13,38,20,1.32,7,1,1,0.39215686274509803,1.9,correct,50,187.38,1843.0,32.0,282.3566199265152,18,8,0,1,9,14,0
../codelingua/segment_trees/r1_level1_Java_Fortran/qid_codeforces_387_B.json,92,30,62,33,1.47,3,1,1,0.358695652173913,1.878787878787879,incorrect,91,237.37362637362637,1666.0,31.0,265.2873766043009,34,28,0,3,19,6,1
../codelingua/segment_trees/r1_level1_Java_Fortran/qid_codeforces_11_A.json,41,14,27,14,1.48,4,1,1,0.34146341463414637,1.9285714285714286,correct,40,215.275,1186.0,31.0,264.5348106122161,17,9,1,0,8,5,0
../codelingua/segment_trees/r1_level1_Java_Fortran/qid_codeforces_607_A.json,56,17,39,21,1.41,4,1,1,0.375,1.8571428571428572,correct,55,203.29090909090908,1363.0,33.0,278.21685338673774,23,2,1,4,8,15,2
../codelingua/segment_trees/r1_level1_Java_Fortran/qid_codeforces_242_B.json,32,8,24,16,1.29,5,1,1,0.5,1.5,correct,31,144.2258064516129,842.0,31.0,178.95040461487636,10,2,1,0,7,9,2
../codelingua/segment_trees/r1_level1_Java_Fortran/qid_atcoder_ABC123_B.json,100,33,67,22,1.48,5,1,1,0.22,3.0454545454545454,correct,99,183.66666666666666,1352.0,33.0,191.6398088251254,40,17,2,0,4,33,3
../codelingua/segment_trees/r1_level1_Java_Fortran/qid_codeforces_342_B.json,97,35,62,32,1.55,4,1,1,0.32989690721649484,1.9375,incorrect,96,191.64583333333334,1437.0,30.0,240.4114008666533,47,7,2,3,8,28,1
../codelingua/segment_trees/r1_level1_Java_Fortran/qid_atcoder_ABC162_D.json,45,14,31,17,1.42,3,1,1,0.37777777777777777,1.8235294117647058,correct,44,233.1818181818182,1112.0,33.0,232.32718235654997,21,1,1,3,9,9,0
../codelingua/segment_trees/r1_level1_Java_Fortran/qid_codeforces_567_A.json,27,8,19,15,1.37,3,1,1,0.5555555555555556,1.2666666666666666,incorrect,26,243.69230769230768,2196.0,34.0,444.72317405152336,10,0,1,1,5,8,1
../codelingua/segment_trees/r1_level1_Java_Fortran/qid_atcoder_AGC007_C.json,55,16,39,21,1.38,4,1,1,0.38181818181818183,1.8571428571428572,correct,54,156.3148148148148,817.0,31.0,157.6388066476203,26,5,0,4,12,7,0
../codelingua/segment_trees/r1_level1_Java_Fortran/qid_codeforces_404_A.json,44,14,30,23,1.43,5,1,1,0.5227272727272727,1.3043478260869565,correct,43,164.90697674418604,899.0,32.0,202.41268710865697,18,4,1,1,7,12,0
../codelingua/segment_trees/r1_level1_Java_Fortran/qid_atcoder_ABC166_C.json,42,10,32,17,1.28,2,1,1,0.40476190476190477,1.8823529411764706,incorrect,41,161.0731707317073,679.0,33.0,142.15508964576372,15,3,0,1,7,14,1
../codelingua/segment_trees/r1_level1_Java_Fortran/qid_atcoder_AGC021_B.json,105,37,68,46,1.53,4,1,1,0.4380952380952381,1.4782608695652173,incorrect,104,215.72115384615384,1317.0,31.0,227.2747132356031,41,10,2,8,7,34,2
../codelingua/segment_trees/r1_level1_Java_Fortran/qid_atcoder_AGC028_A.json,106,33,73,50,1.44,4,1,1,0.4716981132075472,1.46,correct,105,181.95238095238096,967.0,31.0,149.06705905476935,62,7,0,4,10,21,1
../codelingua/segment_trees/r1_level1_Java_Fortran/qid_codeforces_579_A.json,32,7,25,21,1.24,2,1,1,0.65625,1.1904761904761905,correct,31,97.87096774193549,574.0,33.0,101.99893526747681,5,5,0,0,5,16,0
../codelingua/segment_trees/r1_level1_Java_Fortran/qid_codeforces_350_B.json,279,93,186,92,1.49,4,1,1,0.32974910394265233,2.0217391304347827,incorrect,278,156.44604316546761,2755.0,16.0,257.22417627731505,84,75,1,7,21,84,6
../codelingua/segment_trees/r1_level1_Java_Fortran/qid_atcoder_AGC037_E.json,144,55,89,38,1.61,6,1,1,0.2638888888888889,2.3421052631578947,incorrect,143,206.23076923076923,949.0,32.0,203.235161518801,69,28,0,0,21,22,3
../codelingua/segment_trees/r1_level1_Java_Fortran/qid_atcoder_ABC174_C.json,55,16,39,23,1.38,4,1,1,0.41818181818181815,1.6956521739130435,correct,54,195.94444444444446,1111.0,32.0,215.41950443978317,21,7,0,1,8,17,0
../codelingua/segment_trees/r1_level1_Java_Fortran/qid_atcoder_AGC033_B.json,134,53,81,34,1.64,10,1,1,0.2537313432835821,2.3823529411764706,correct,133,203.90977443609023,1714.0,30.0,238.90921499556526,72,14,2,2,24,13,6
../codelingua/segment_trees/r1_level1_Java_Fortran/qid_codeforces_462_B.json,87,34,53,27,1.62,6,1,1,0.3103448275862069,1.962962962962963,correct,86,195.22093023255815,1523.0,31.0,228.73819615512613,37,8,1,4,6,27,3
../codelingua/segment_trees/r1_level1_Java_Fortran/qid_codeforces_333_B.json,46,16,30,20,1.5,4,1,1,0.43478260869565216,1.5,correct,45,190.35555555555555,1091.0,30.0,221.09316789283403,23,4,0,2,2,13,1
../codelingua/segment_trees/r1_level1_Java_Fortran/qid_atcoder_ABC146_D.json,137,50,87,55,1.56,6,1,1,0.40145985401459855,1.5818181818181818,incorrect,136,169.86764705882354,1979.0,32.0,210.57740052579348,76,10,1,0,21,25,3
../codelingua/segment_trees/r1_level1_Java_Fortran/qid_atcoder_AGC012_A.json,75,24,51,34,1.45,4,1,1,0.4533333333333333,1.5,correct,74,197.97297297297297,1573.0,16.0,250.65967611910827,24,7,1,0,9,30,3
../codelingua/segment_trees/r1_level1_Java_Fortran/qid_atcoder_ABC119_B.json,35,9,26,16,1.31,3,1,1,0.45714285714285713,1.625,correct,34,146.47058823529412,489.0,33.0,116.6261146737124,15,6,0,1,4,8,0
../codelingua/segment_trees/r1_level1_Java_Fortran/qid_atcoder_ABC142_C.json,74,26,48,32,1.52,3,1,1,0.43243243243243246,1.5,incorrect,73,281.06849315068496,1159.0,39.0,208.84865125832172,37,16,0,7,2,10,1
../codelingua/segment_trees/r1_level1_Java_Fortran/qid_atcoder_AGC005_B.json,145,41,104,47,1.38,5,1,1,0.32413793103448274,2.2127659574468086,incorrect,144,147.49305555555554,1919.0,30.0,191.43809810479965,70,15,1,2,14,36,6
../codelingua/segment_trees/r1_level1_Java_Fortran/qid_codeforces_96_B.json,85,29,56,20,1.5,4,1,1,0.23529411764705882,2.8,correct,84,257.7261904761905,1752.0,30.0,324.8590185855967,29,17,3,5,5,25,0
../codelingua/segment_trees/r1_level1_Java_Fortran/qid_atcoder_ABC168_B.json,59,22,37,28,1.57,4,1,1,0.4745762711864407,1.3214285714285714,correct,58,233.67241379310346,1262.0,34.0,207.50458781070947,20,18,1,4,11,4,0
../codelingua/segment_trees/r1_level1_Java_Fortran/qid_atcoder_ABC150_C.json,109,38,71,32,1.52,4,1,1,0.29357798165137616,2.21875,incorrect,108,218.40740740740742,1260.0,32.0,207.42092455829408,45,7,0,1,7,45,3
../codelingua/segment_trees/r1_level1_Java_Fortran/qid_atcoder_ABC137_D.json,135,48,87,44,1.54,4,1,1,0.32592592592592595,1.9772727272727273,correct,134,224.27611940298507,2685.0,31.0,319.58279644926364,41,11,1,2,8,67,4
../codelingua/segment_trees/r1_level1_Java_Fortran/qid_codeforces_514_A.json,82,26,56,36,1.45,5,1,1,0.43902439024390244,1.5555555555555556,correct,81,228.76543209876544,916.0,33.0,204.83525524216637,28,23,3,3,7,17,0
../codelingua/segment_trees/r1_level1_Java_Fortran/qid_atcoder_ABC124_A.json,15,4,11,8,1.27,2,1,1,0.5333333333333333,1.375,correct,14,158.21428571428572,899.0,31.0,234.3866557541286,4,0,0,0,6,4,0
../codelingua/segment_trees/r1_level1_Java_Fortran/qid_codeforces_569_A.json,19,4,15,11,1.2,2,1,1,0.5789473684210527,1.3636363636363635,correct,18,153.77777777777777,528.0,30.0,141.11136843165258,5,3,0,1,6,3,0
../codelingua/segment_trees/r1_level1_Java_Fortran/qid_codeforces_469_A.json,93,31,62,41,1.48,4,1,1,0.44086021505376344,1.5121951219512195,incorrect,92,158.58695652173913,1011.0,33.0,173.27106073242223,32,14,0,1,7,36,2
../codelingua/segment_trees/r1_level1_Java_Fortran/qid_atcoder_AGC038_A.json,41,10,31,26,1.29,2,1,1,0.6341463414634146,1.1923076923076923,correct,40,137.3,555.0,16.0,126.60420862287968,16,3,1,1,5,13,1
../codelingua/segment_trees/r1_level1_Java_Fortran/qid_atcoder_ABC172_D.json,46,13,33,19,1.36,4,1,1,0.41304347826086957,1.736842105263158,correct,45,132.37777777777777,378.0,30.0,95.32558773365982,18,5,0,6,6,8,2
../codelingua/segment_trees/r1_level1_Java_Fortran/qid_atcoder_ABC129_E.json,73,24,49,24,1.47,7,1,1,0.3287671232876712,2.0416666666666665,incorrect,72,235.375,2702.0,34.0,374.1628566678675,32,4,1,0,20,12,3
../codelingua/segment_trees/r1_level1_Java_Fortran/qid_atcoder_ABC133_B.json,75,25,50,26,1.48,5,1,1,0.3466666666666667,1.9230769230769231,incorrect,74,178.75675675675674,1313.0,31.0,210.29312945549742,31,11,0,3,15,14,0
../codelingua/segment_trees/r1_level1_Java_Fortran/qid_atcoder_ABC168_C.json,72,16,56,37,1.27,3,1,1,0.5138888888888888,1.5135135135135136,correct,71,211.95774647887325,1268.0,16.0,208.37681778243663,29,13,0,1,13,13,2
../codelingua/segment_trees/r1_level1_Java_Fortran/qid_atcoder_ABC132_F.json,74,26,48,31,1.52,4,1,2,0.4189189189189189,1.5483870967741935,incorrect,73,225.6986301369863,1093.0,31.0,232.5434060396937,38,2,0,1,14,17,1
../codelingua/segment_trees/r1_level1_Java_Fortran/qid_atcoder_ARC102_C.json,68,23,45,24,1.49,4,1,1,0.35294117647058826,1.875,incorrect,67,205.4179104477612,1160.0,37.0,243.5230154796357,35,4,1,1,18,6,2
../codelingua/segment_trees/r1_level1_Java_Fortran/qid_atcoder_ABC107_C.json,51,13,38,19,1.32,3,1,1,0.37254901960784315,2.0,incorrect,50,214.96,1460.0,31.0,298.90684918515325,20,6,2,2,10,10,0
../codelingua/segment_trees/r1_level1_Java_Fortran/qid_codeforces_334_A.json,90,27,63,38,1.41,5,1,1,0.4222222222222222,1.6578947368421053,incorrect,89,212.25842696629215,1228.0,16.0,203.66569801392043,34,11,1,3,4,31,5
../codelingua/segment_trees/r1_level1_Java_Fortran/qid_atcoder_ABC152_C.json,54,13,41,20,1.29,3,1,1,0.37037037037037035,2.05,correct,53,165.58490566037736,893.0,30.0,143.63675257696516,24,13,0,1,2,12,1
../codelingua/segment_trees/r1_level1_Java_Fortran/qid_atcoder_ABC109_B.json,93,37,56,38,1.64,6,1,1,0.40860215053763443,1.4736842105263157,correct,92,167.77173913043478,745.0,37.0,139.7130578478831,43,19,1,2,4,23,0
../codelingua/segment_trees/r1_level1_Java_Fortran/qid_atcoder_ABC135_D.json,99,32,67,33,1.46,4,1,1,0.3333333333333333,2.0303030303030303,incorrect,98,252.09183673469389,2652.0,31.0,394.5665790376813,41,11,1,3,13,25,4
../codelingua/segment_trees/r1_level1_Java_Fortran/qid_codeforces_544_B.json,77,23,54,30,1.41,5,1,1,0.38961038961038963,1.8,correct,76,189.69736842105263,1458.0,31.0,261.85706124967453,30,4,0,5,13,22,2
../codelingua/segment_trees/r1_level1_Java_Fortran/qid_codeforces_276_B.json,51,11,40,20,1.25,4,1,1,0.39215686274509803,2.0,correct,50,123.94,876.0,30.0,138.5962290030921,14,11,2,0,9,13,1
../codelingua/segment_trees/r1_level1_Java_Fortran/qid_codeforces_302_A.json,82,28,54,36,1.5,9,1,1,0.43902439024390244,1.5,incorrect,81,183.01234567901236,1020.0,32.0,184.75656238867134,42,2,1,8,9,18,1
../codelingua/segment_trees/r1_level1_Java_Fortran/qid_atcoder_AGC002_A.json,25,7,18,9,1.33,5,1,1,0.36,2.0,correct,24,208.875,967.0,16.0,252.2564796427222,9,2,0,0,7,5,1
../codelingua/segment_trees/r1_level1_Java_Fortran/qid_atcoder_ABC112_A.json,33,9,24,13,1.33,3,1,1,0.3939393939393939,1.8461538461538463,correct,32,91.625,535.0,30.0,94.2302430734285,16,1,2,0,3,8,2
../codelingua/segment_trees/r1_level1_Java_Fortran/qid_codeforces_682_B.json,47,12,35,27,1.31,3,1,1,0.574468085106383,1.2962962962962963,incorrect,46,136.04347826086956,698.0,31.0,133.55713825454617,14,3,1,0,4,24,0
../codelingua/segment_trees/r1_level1_Java_Fortran/qid_atcoder_ABC178_B.json,30,5,25,22,1.16,2,1,1,0.7333333333333333,1.1363636363636365,correct,29,138.27586206896552,577.0,30.0,117.78670084755632,11,4,0,1,6,6,1
../codelingua/segment_trees/r1_level1_Java_Fortran/qid_atcoder_ABC123_C.json,25,5,20,14,1.2,2,1,1,0.56,1.4285714285714286,correct,24,179.20833333333334,914.0,30.0,206.44990531796591,11,2,0,0,6,5,0
../codelingua/segment_trees/r1_level1_Java_Fortran/qid_codeforces_621_A.json,85,28,57,45,1.47,4,1,1,0.5294117647058824,1.2666666666666666,incorrect,84,145.92857142857142,1126.0,31.0,177.41801335545057,17,5,0,2,8,52,0
../codelingua/segment_trees/r1_level1_Java_Fortran/qid_atcoder_ABC089_C.json,46,14,32,26,1.41,4,1,1,0.5652173913043478,1.2307692307692308,correct,45,211.0,1315.0,30.0,225.6187451915691,23,1,0,0,10,11,0
../codelingua/segment_trees/r1_level1_Java_Fortran/qid_codeforces_25_A.json,36,10,26,21,1.35,3,1,1,0.5833333333333334,1.2380952380952381,incorrect,35,119.65714285714286,468.0,34.0,100.62801120292234,12,4,1,2,6,10,0
../codelingua/segment_trees/r1_level1_Java_Fortran/qid_codeforces_581_B.json,110,37,73,40,1.49,5,1,1,0.36363636363636365,1.825,correct,109,203.69724770642202,1008.0,30.0,208.70768609012816,61,7,0,5,25,10,1
../codelingua/segment_trees/r1_level1_Java_Fortran/qid_codeforces_32_B.json,89,30,59,30,1.49,4,1,1,0.33707865168539325,1.9666666666666666,correct,88,212.75,1844.0,16.0,293.38074003023723,38,18,1,5,11,13,2
../codelingua/segment_trees/r1_level1_Java_Fortran/qid_codeforces_37_A.json,31,7,24,19,1.25,3,1,1,0.6129032258064516,1.263157894736842,incorrect,30,173.16666666666666,1155.0,32.0,269.68808078878874,8,2,1,0,4,14,1
../codelingua/segment_trees/r1_level1_Java_Fortran/qid_codeforces_624_B.json,76,19,57,28,1.32,3,1,1,0.3684210526315789,2.0357142857142856,correct,75,190.36,982.0,31.0,196.3876227728682,28,16,0,0,9,21,1
../codelingua/segment_trees/r1_level1_Java_Fortran/qid_codeforces_108_B.json,36,8,28,20,1.25,2,1,1,0.5555555555555556,1.4,incorrect,35,171.31428571428572,736.0,32.0,180.37864935423246,9,3,0,0,4,18,1
../codelingua/segment_trees/r1_level1_Java_Fortran/qid_codeforces_154_A.json,106,34,72,54,1.46,4,1,1,0.5094339622641509,1.3333333333333333,correct,105,255.68571428571428,1833.0,16.0,251.8108002466914,59,7,2,5,12,17,3
../codelingua/segment_trees/r1_level1_Java_Fortran/qid_codeforces_678_A.json,23,6,17,13,1.29,2,1,1,0.5652173913043478,1.3076923076923077,correct,22,165.13636363636363,477.0,35.0,118.77561696807635,6,6,0,0,5,4,1
../codelingua/segment_trees/r1_level1_Java_Fortran/qid_codeforces_397_B.json,72,24,48,23,1.48,4,1,1,0.3194444444444444,2.0869565217391304,incorrect,71,168.54929577464787,1126.0,31.0,202.10992685964555,30,7,3,2,14,14,1
../codelingua/segment_trees/r1_level1_Java_Fortran/qid_codeforces_612_B.json,42,12,30,12,1.37,4,1,1,0.2857142857142857,2.5,incorrect,41,188.4390243902439,1258.0,31.0,214.81329669977228,24,2,0,1,12,2,0
../codelingua/segment_trees/r1_level1_Java_Fortran/qid_codeforces_67_B.json,138,52,86,42,1.59,7,1,1,0.30434782608695654,2.0476190476190474,incorrect,137,226.94890510948906,1448.0,31.0,253.4742799682249,76,13,0,6,18,23,1
../codelingua/segment_trees/r1_level1_Java_Fortran/qid_codeforces_146_A.json,79,31,48,20,1.62,8,1,1,0.25316455696202533,2.4,correct,78,200.96153846153845,1051.0,35.0,215.1295859737539,35,17,1,2,9,13,1
../codelingua/segment_trees/r1_level1_Java_Fortran/qid_atcoder_ABC123_D.json,110,41,69,27,1.58,6,1,1,0.24545454545454545,2.5555555555555554,incorrect,109,234.44036697247705,1142.0,30.0,232.03066652335312,50,5,2,1,9,39,3
../codelingua/segment_trees/r1_level1_Java_Fortran/qid_codeforces_95_A.json,121,38,83,36,1.45,5,1,1,0.2975206611570248,2.3055555555555554,correct,120,206.9,1221.0,31.0,220.40861213328535,68,6,0,0,9,37,0
../codelingua/segment_trees/r1_level1_Java_Fortran/qid_codeforces_203_B.json,42,13,29,23,1.41,4,1,1,0.5476190476190477,1.2608695652173914,incorrect,41,184.17073170731706,868.0,38.0,183.33506244565228,22,6,1,0,6,6,0
../codelingua/segment_trees/r1_level1_Java_Fortran/qid_codeforces_445_A.json,63,23,40,31,1.55,4,1,1,0.49206349206349204,1.2903225806451613,incorrect,62,273.38709677419354,1532.0,31.0,306.9827973414215,28,5,1,9,8,10,1
../codelingua/segment_trees/r1_level1_Java_Fortran/qid_atcoder_ABC140_D.json,78,28,50,22,1.54,6,1,1,0.28205128205128205,2.272727272727273,correct,77,207.14285714285714,1544.0,30.0,266.3619774057829,37,4,2,2,19,12,1
../codelingua/segment_trees/r1_level1_Java_Fortran/qid_atcoder_ABC070_B.json,64,16,48,21,1.31,3,1,1,0.328125,2.2857142857142856,correct,63,168.73015873015873,1326.0,33.0,190.51629397332195,23,14,0,0,5,20,1
../codelingua/segment_trees/r1_level1_Java_Fortran/qid_codeforces_306_A.json,45,15,30,25,1.47,4,1,1,0.5555555555555556,1.2,correct,44,255.0681818181818,1044.0,39.0,261.63141104066415,19,6,0,6,2,10,1
../codelingua/segment_trees/r1_level1_Java_Fortran/qid_atcoder_ABC174_E.json,41,14,27,15,1.48,4,1,1,0.36585365853658536,1.8,correct,40,139.9,1177.0,32.0,189.22172586270722,8,3,4,2,6,16,1
../codelingua/segment_trees/r1_level1_Java_Fortran/qid_codeforces_99_A.json,114,30,84,62,1.35,4,1,1,0.543859649122807,1.3548387096774193,correct,113,194.00884955752213,1258.0,30.0,216.6187193292473,55,21,2,3,7,25,0
../codelingua/segment_trees/r1_level1_Java_Fortran/qid_atcoder_AGC006_A.json,107,39,68,37,1.56,5,1,1,0.34579439252336447,1.837837837837838,correct,106,257.00943396226415,1345.0,34.0,256.2431693039146,59,4,1,6,16,15,5
../codelingua/segment_trees/r1_level1_Java_Fortran/qid_codeforces_272_B.json,67,16,51,22,1.29,3,1,1,0.3283582089552239,2.3181818181818183,incorrect,66,179.3181818181818,954.0,34.0,178.44371308975485,39,1,2,0,11,13,0
../codelingua/segment_trees/r1_level1_Java_Fortran/qid_atcoder_AGC029_C.json,107,32,75,25,1.41,3,1,1,0.2336448598130841,3.0,incorrect,106,215.3490566037736,4792.0,30.0,503.5377896151689,46,1,1,5,12,39,2
../codelingua/segment_trees/r1_level1_Java_Fortran/qid_atcoder_AGC027_B.json,70,25,45,23,1.53,5,1,1,0.32857142857142857,1.9565217391304348,incorrect,69,250.30434782608697,3512.0,32.0,449.67669118875335,38,6,0,7,9,6,3
../codelingua/segment_trees/r1_level1_Java_Fortran/qid_atcoder_ABC107_D.json,129,45,84,30,1.52,6,1,1,0.23255813953488372,2.8,incorrect,128,219.109375,2958.0,30.0,353.06070576978885,58,4,1,2,24,38,1
../codelingua/segment_trees/r1_level1_Java_Fortran/qid_atcoder_ABC132_A.json,50,15,35,23,1.4,3,1,1,0.46,1.5217391304347827,correct,49,132.85714285714286,415.0,33.0,99.06058752097124,16,9,1,0,2,20,1
../codelingua/segment_trees/r1_level1_Java_Fortran/qid_atcoder_ABC151_A.json,34,9,25,14,1.32,3,1,1,0.4117647058823529,1.7857142857142858,correct,33,135.24242424242425,443.0,35.0,109.6913369138119,13,2,1,2,6,9,0
../codelingua/segment_trees/r1_level1_Java_Fortran/qid_atcoder_ABC158_B.json,25,5,20,11,1.2,2,1,1,0.44,1.8181818181818181,incorrect,24,307.3333333333333,1060.0,34.0,297.57478660529756,15,1,0,0,5,3,0
../codelingua/segment_trees/r1_level1_Java_Fortran/qid_atcoder_ABC051_A.json,29,7,22,16,1.27,4,1,1,0.5517241379310345,1.375,correct,28,112.07142857142857,534.0,32.0,99.23370416510734,7,3,1,1,6,10,0
../codelingua/segment_trees/r1_level1_Java_Fortran/qid_atcoder_ABC164_D.json,84,33,51,29,1.63,5,1,1,0.34523809523809523,1.7586206896551724,incorrect,83,175.89156626506025,1350.0,30.0,213.2662375968977,41,5,3,5,12,17,0
../codelingua/segment_trees/r1_level1_Java_Fortran/qid_atcoder_ABC125_B.json,19,5,14,11,1.29,2,1,1,0.5789473684210527,1.2727272727272727,correct,18,203.94444444444446,653.0,35.0,192.0359868916186,4,2,0,2,4,4,2
../codelingua/segment_trees/r1_level1_Java_Fortran/qid_atcoder_AGC035_B.json,118,37,81,48,1.44,5,1,1,0.4067796610169492,1.6875,correct,117,214.47863247863248,982.0,30.0,221.1370537070884,54,1,0,2,19,39,2
../codelingua/segment_trees/r1_level1_Java_Fortran/qid_codeforces_519_B.json,50,11,39,26,1.26,4,1,1,0.52,1.5,incorrect,49,180.87755102040816,896.0,33.0,189.51776880777578,19,11,0,0,4,14,1
../codelingua/segment_trees/r1_level1_Java_Fortran/qid_atcoder_ABC133_E.json,105,34,71,28,1.46,9,1,1,0.26666666666666666,2.5357142857142856,incorrect,104,203.32692307692307,2124.0,32.0,251.89346809337977,56,12,1,4,9,21,1
../codelingua/segment_trees/r1_level1_Java_Fortran/qid_atcoder_ABC150_E.json,105,35,70,33,1.49,5,1,1,0.3142857142857143,2.121212121212121,correct,104,221.7403846153846,1762.0,30.0,253.89528440013873,43,15,1,3,7,33,2
../codelingua/segment_trees/r1_level1_Java_Fortran/qid_codeforces_222_A.json,27,6,21,16,1.24,3,1,1,0.5925925925925926,1.3125,incorrect,26,167.69230769230768,1052.0,16.0,226.09675260485616,11,5,0,0,6,2,2
../codelingua/segment_trees/r1_level1_Java_Fortran/qid_atcoder_ABC143_A.json,23,8,15,9,1.47,4,1,2,0.391304347826087,1.6666666666666667,correct,22,103.45454545454545,333.0,16.0,81.96615287086625,7,1,0,1,6,6,1
../codelingua/segment_trees/r1_level1_Java_Fortran/qid_atcoder_ABC111_C.json,152,51,101,28,1.5,5,1,1,0.18421052631578946,3.607142857142857,incorrect,151,173.91390728476821,1358.0,33.0,192.47077493816565,58,9,1,5,17,60,1
../codelingua/segment_trees/r1_level1_Java_Fortran/qid_codeforces_296_A.json,27,7,20,20,1.3,3,1,1,0.7407407407407407,1.0,incorrect,26,300.61538461538464,2421.0,34.0,519.5922306519278,12,0,1,1,2,10,0
../codelingua/segment_trees/r1_level1_Java_Fortran/qid_atcoder_ARC086_B.json,71,24,47,16,1.49,7,1,1,0.22535211267605634,2.9375,incorrect,70,199.7,1168.0,34.0,194.64611887783147,36,6,0,3,10,15,0
../codelingua/segment_trees/r1_level1_Java_Fortran/qid_codeforces_637_A.json,93,25,68,34,1.35,3,1,1,0.3655913978494624,2.0,incorrect,92,160.1195652173913,1793.0,30.0,221.63130667058795,26,6,2,1,7,50,0
../codelingua/segment_trees/r1_level1_Java_Fortran/qid_codeforces_629_A.json,75,20,55,26,1.35,4,1,1,0.3466666666666667,2.1153846153846154,correct,74,187.72972972972974,937.0,32.0,183.1589845587256,25,3,1,2,15,28,0
../codelingua/segment_trees/r1_level1_Java_Fortran/qid_codeforces_55_B.json,101,32,69,44,1.45,4,1,2,0.43564356435643564,1.5681818181818181,correct,100,207.09,941.0,34.0,191.3195589488007,39,15,0,3,6,37,0
../codelingua/segment_trees/r1_level1_Java_Fortran/qid_codeforces_632_B.json,46,11,35,19,1.29,3,1,1,0.41304347826086957,1.8421052631578947,correct,45,243.6888888888889,1468.0,37.0,264.5899762945595,13,3,2,2,12,13,0
../codelingua/segment_trees/r1_level1_Java_Fortran/qid_codeforces_672_A.json,84,29,55,42,1.51,7,1,1,0.5,1.3095238095238095,correct,83,186.06024096385542,757.0,30.0,161.32631296102863,34,23,0,3,7,15,1
../codelingua/segment_trees/r1_level1_Java_Fortran/qid_codeforces_61_B.json,145,50,95,40,1.52,5,1,1,0.27586206896551724,2.375,correct,144,182.92361111111111,1522.0,31.0,196.4254366569912,72,9,3,5,16,35,4
../codelingua/segment_trees/r1_level1_Java_Fortran/qid_codeforces_31_A.json,86,29,57,41,1.49,5,1,1,0.47674418604651164,1.3902439024390243,incorrect,85,297.45882352941175,1674.0,30.0,315.5820606035614,41,17,0,1,16,8,2
../codelingua/segment_trees/r1_level1_Java_Fortran/qid_codeforces_8_B.json,90,41,49,29,1.82,6,1,1,0.32222222222222224,1.6896551724137931,correct,89,200.1011235955056,1151.0,38.0,197.18577102361553,38,13,3,0,22,13,0
../codelingua/segment_trees/r1_level1_Java_Fortran/qid_codeforces_110_B.json,42,10,32,24,1.28,3,1,2,0.5714285714285714,1.3333333333333333,correct,41,196.34146341463415,1705.0,16.0,280.7786147266292,17,5,0,2,9,7,1
../codelingua/segment_trees/r1_level1_Java_Fortran/qid_atcoder_ABC150_D.json,55,18,37,16,1.46,10,1,1,0.2909090909090909,2.3125,incorrect,54,160.07407407407408,882.0,31.0,178.89913378739763,29,4,1,3,9,8,0
../codelingua/segment_trees/r1_level1_Java_Fortran/qid_codeforces_379_A.json,15,3,12,12,1.17,2,1,1,0.8,1.0,correct,14,200.71428571428572,977.0,35.0,237.19107149217146,6,2,0,0,3,3,0
../codelingua/segment_trees/r1_level1_Java_Fortran/qid_codeforces_313_B.json,106,35,71,30,1.48,4,1,1,0.2830188679245283,2.3666666666666667,incorrect,105,191.63809523809525,916.0,31.0,166.57875960092616,58,13,0,1,13,19,1
../codelingua/segment_trees/r1_level1_Java_Fortran/qid_codeforces_267_A.json,58,18,40,25,1.43,4,1,1,0.43103448275862066,1.6,incorrect,57,201.96491228070175,1472.0,30.0,241.92361286396346,24,15,0,2,5,10,1
../codelingua/segment_trees/r1_level1_Java_Fortran/qid_atcoder_ABC125_C.json,51,16,35,27,1.43,3,1,1,0.5294117647058824,1.2962962962962963,incorrect,50,251.1,1665.0,33.0,295.35342025638175,17,13,1,1,8,10,0
../codelingua/segment_trees/r1_level1_Java_Fortran/qid_codeforces_459_A.json,43,11,32,21,1.31,3,1,1,0.4883720930232558,1.5238095238095237,correct,42,166.14285714285714,897.0,30.0,166.05473259147985,16,4,0,1,7,11,3
../codelingua/segment_trees/r1_level1_Java_Fortran/qid_atcoder_ABC152_E.json,119,36,83,53,1.42,5,1,1,0.44537815126050423,1.5660377358490567,incorrect,118,232.45762711864407,1804.0,30.0,291.59873623786143,38,6,0,4,5,62,3
../codelingua/segment_trees/r1_level1_Java_Fortran/qid_codeforces_189_A.json,77,23,54,37,1.41,3,1,1,0.4805194805194805,1.4594594594594594,correct,76,285.7631578947368,2834.0,35.0,376.0752714877188,42,6,1,3,11,11,2
../codelingua/segment_trees/r1_level1_Java_Fortran/qid_atcoder_AGC011_C.json,162,55,107,45,1.5,8,1,1,0.2777777777777778,2.3777777777777778,correct,161,169.54037267080744,2528.0,31.0,282.52033098940024,68,7,3,4,17,55,7
../codelingua/segment_trees/r1_level1_Java_Fortran/qid_codeforces_412_A.json,35,13,22,13,1.55,9,1,1,0.37142857142857144,1.6923076923076923,incorrect,34,226.41176470588235,1491.0,34.0,267.373092824406,11,3,3,0,9,8,0
../codelingua/segment_trees/r1_level1_Java_Fortran/qid_atcoder_ABC153_A.json,21,7,14,11,1.43,3,1,1,0.5238095238095238,1.2727272727272727,correct,20,163.25,814.0,39.0,202.98791122937138,9,1,0,0,7,3,0
../codelingua/segment_trees/r1_level1_Java_Fortran/qid_atcoder_ABC127_B.json,15,4,11,11,1.27,3,1,1,0.7333333333333333,1.0,incorrect,14,177.5,539.0,30.0,141.18277842242983,5,3,0,0,3,2,1
../codelingua/segment_trees/r1_level1_Java_Fortran/qid_atcoder_AGC046_B.json,66,21,45,27,1.44,4,1,1,0.4090909090909091,1.6666666666666667,incorrect,65,196.09230769230768,1077.0,31.0,187.55605187824213,30,4,1,1,17,12,0
../codelingua/segment_trees/r1_level1_Java_Fortran/qid_atcoder_ABC105_D.json,98,31,67,51,1.45,3,1,1,0.5204081632653061,1.3137254901960784,incorrect,97,234.2164948453608,1204.0,31.0,238.5457340324616,52,9,1,2,16,14,3
../codelingua/segment_trees/r1_level1_Java_Fortran/qid_codeforces_474_B.json,77,28,49,33,1.55,3,1,1,0.42857142857142855,1.4848484848484849,incorrect,76,291.1578947368421,1909.0,32.0,354.53372392976775,37,12,0,5,10,9,3
../codelingua/segment_trees/r1_level1_Java_Fortran/qid_atcoder_AGC003_C.json,160,49,111,37,1.43,3,1,1,0.23125,3.0,incorrect,159,179.66666666666666,1610.0,30.0,220.2686698553183,58,22,1,5,5,63,5
../codelingua/segment_trees/r1_level1_Java_Fortran/qid_codeforces_400_A.json,109,24,85,46,1.27,4,1,1,0.42201834862385323,1.8478260869565217,correct,108,219.65740740740742,1812.0,33.0,289.8710045699844,47,21,1,3,19,16,1
../codelingua/segment_trees/r1_level1_Java_Fortran/qid_codeforces_351_A.json,90,27,63,36,1.41,5,1,1,0.4,1.75,correct,89,159.07865168539325,1359.0,30.0,209.9707352292382,53,8,2,3,9,14,0
../codelingua/segment_trees/r1_level1_Java_Fortran/qid_codeforces_500_A.json,90,28,62,34,1.44,4,1,1,0.37777777777777777,1.8235294117647058,correct,89,233.22471910112358,2155.0,30.0,321.1714266417755,48,14,3,4,13,7,0
../codelingua/segment_trees/r1_level1_Java_Fortran/qid_atcoder_ABC139_B.json,20,7,13,10,1.46,3,1,1,0.5,1.3,correct,19,174.31578947368422,557.0,30.0,181.4693278740634,6,1,0,0,9,3,0
../codelingua/segment_trees/r1_level1_Java_Fortran/qid_atcoder_AGC004_B.json,54,18,36,22,1.47,4,1,1,0.4074074074074074,1.6363636363636365,incorrect,53,222.73584905660377,1589.0,30.0,267.7946365108472,25,2,1,0,16,9,0
../codelingua/segment_trees/r1_level1_Java_Fortran/qid_codeforces_92_A.json,25,7,18,16,1.33,3,1,1,0.64,1.125,correct,24,227.0,898.0,38.0,234.26647777412725,11,6,0,0,3,4,0
../codelingua/segment_trees/r1_level1_Java_Fortran/qid_codeforces_421_A.json,129,46,83,51,1.54,7,1,1,0.3953488372093023,1.6274509803921569,correct,128,186.0234375,1153.0,33.0,173.70399588528684,57,17,6,10,8,28,2
../codelingua/segment_trees/r1_level1_Java_Fortran/qid_atcoder_AGC013_A.json,64,20,44,31,1.43,3,1,1,0.484375,1.4193548387096775,incorrect,63,225.74603174603175,1776.0,31.0,315.0470506721572,26,14,1,1,8,11,2
../codelingua/segment_trees/r1_level1_Java_Fortran/qid_atcoder_ABC120_C.json,115,41,74,35,1.54,6,1,1,0.30434782608695654,2.1142857142857143,correct,114,165.90350877192984,1066.0,32.0,183.21905112608832,47,35,2,1,6,22,1
../codelingua/segment_trees/r1_level1_Java_Fortran/qid_atcoder_ABC147_D.json,58,16,42,25,1.36,4,1,1,0.43103448275862066,1.68,incorrect,57,289.9122807017544,2029.0,37.0,351.3724763949502,34,8,0,2,8,5,0
../codelingua/segment_trees/r1_level1_Java_Fortran/qid_codeforces_216_B.json,147,55,92,36,1.59,7,1,1,0.24489795918367346,2.5555555555555554,correct,146,162.6164383561644,1538.0,30.0,181.01645039643154,84,3,1,3,9,45,1
../codelingua/segment_trees/r1_level1_Java_Fortran/qid_codeforces_459_B.json,88,26,62,33,1.4,7,1,1,0.375,1.878787878787879,incorrect,87,159.49425287356323,1513.0,31.0,232.47059696864588,40,5,3,2,7,29,1
../codelingua/segment_trees/r1_level1_Java_Fortran/qid_codeforces_450_A.json,70,24,46,35,1.5,5,1,1,0.5,1.3142857142857143,incorrect,69,239.92753623188406,1463.0,33.0,271.49462776835173,28,16,0,7,3,14,1
../codelingua/segment_trees/r1_level1_Java_Fortran/qid_atcoder_ABC155_D.json,128,36,92,52,1.38,4,1,1,0.40625,1.7692307692307692,incorrect,127,284.2283464566929,2146.0,30.0,347.6774912476503,56,15,1,4,20,29,2
../codelingua/segment_trees/r1_level1_Java_Fortran/qid_atcoder_ABC126_E.json,70,23,47,28,1.47,4,1,1,0.4,1.6785714285714286,correct,69,215.14492753623188,2763.0,33.0,397.6803799151776,27,5,0,0,13,24,0
../codelingua/segment_trees/r1_level1_Java_Fortran/qid_codeforces_354_A.json,57,17,40,24,1.4,3,1,1,0.42105263157894735,1.6666666666666667,correct,56,151.10714285714286,819.0,30.0,131.54559231362657,24,1,1,4,12,12,2
../codelingua/segment_trees/r1_level1_Java_Fortran/qid_atcoder_ABC167_C.json,76,24,52,22,1.44,4,1,1,0.2894736842105263,2.3636363636363638,correct,75,158.48,766.0,31.0,173.8482842766817,31,1,3,0,15,24,1
../codelingua/segment_trees/r1_level1_Java_Fortran/qid_atcoder_ABC104_C.json,83,29,54,32,1.52,4,1,1,0.3855421686746988,1.6875,correct,82,207.8780487804878,1840.0,30.0,266.3944161282175,39,7,4,0,17,11,4
../codelingua/segment_trees/r1_level1_Java_Fortran/qid_atcoder_ABC145_E.json,56,18,38,28,1.45,6,1,1,0.5,1.3571428571428572,correct,55,219.5090909090909,1816.0,30.0,293.1717909177126,22,0,1,0,10,22,0
../codelingua/segment_trees/r1_level1_Java_Fortran/qid_atcoder_AGC043_B.json,96,34,62,25,1.53,4,1,1,0.2604166666666667,2.48,incorrect,95,242.8,2186.0,31.0,324.0667320298562,46,22,2,2,11,11,1
../codelingua/segment_trees/r1_level1_Java_Fortran/qid_atcoder_ABC140_F.json,162,60,102,34,1.58,5,1,1,0.20987654320987653,3.0,incorrect,161,185.83229813664596,1920.0,16.0,233.00185718210608,75,5,2,8,20,50,1
../codelingua/segment_trees/r1_level1_Java_Fortran/qid_atcoder_ABC134_E.json,132,35,97,59,1.35,5,1,1,0.44696969696969696,1.6440677966101696,correct,131,177.57251908396947,3580.0,30.0,327.02660514055924,45,31,3,1,2,49,0
../codelingua/segment_trees/r1_level1_Java_Fortran/qid_atcoder_AGC046_A.json,33,10,23,16,1.39,2,1,1,0.48484848484848486,1.4375,correct,32,176.21875,546.0,31.0,141.20283611676982,10,11,0,0,7,4,0
../codelingua/segment_trees/r1_level1_Java_Fortran/qid_atcoder_AGC025_A.json,27,7,20,11,1.3,3,1,2,0.4074074074074074,1.8181818181818181,incorrect,26,215.57692307692307,1052.0,31.0,255.0562562380187,9,3,0,0,4,10,0
../codelingua/segment_trees/r1_level1_Java_Fortran/qid_codeforces_400_B.json,79,26,53,35,1.47,4,1,1,0.4430379746835443,1.5142857142857142,correct,78,183.52564102564102,1587.0,33.0,210.9121023517022,36,7,2,4,6,22,1
../codelingua/segment_trees/r1_level1_Java_Fortran/qid_codeforces_669_A.json,16,4,12,10,1.25,3,1,1,0.625,1.2,correct,15,160.8,900.0,32.0,214.29759014710626,5,1,0,0,6,3,0
../codelingua/segment_trees/r1_level1_Java_Fortran/qid_codeforces_131_B.json,28,6,22,15,1.23,2,1,1,0.5357142857142857,1.4666666666666666,incorrect,27,197.8148148148148,646.0,37.0,155.52369026491826,11,4,1,1,5,5,0
../codelingua/segment_trees/r1_level1_Java_Fortran/qid_codeforces_134_A.json,79,27,52,33,1.5,4,1,1,0.4177215189873418,1.5757575757575757,correct,78,229.51282051282053,1084.0,33.0,209.66341260874913,36,15,0,3,10,11,3
../codelingua/segment_trees/r1_level1_Java_Fortran/qid_codeforces_665_A.json,64,23,41,13,1.54,4,1,1,0.203125,3.1538461538461537,correct,63,182.03174603174602,917.0,31.0,183.25708790182455,33,10,0,0,9,11,0
../codelingua/segment_trees/r1_level1_Java_Fortran/qid_codeforces_644_B.json,97,33,64,34,1.5,9,1,1,0.35051546391752575,1.8823529411764706,correct,96,225.95833333333334,1635.0,32.0,271.43741807242526,48,16,1,4,8,17,2
../codelingua/segment_trees/r1_level1_Java_Fortran/qid_codeforces_49_A.json,78,24,54,43,1.43,3,1,1,0.5512820512820513,1.255813953488372,correct,77,190.94805194805195,746.0,33.0,145.4609638450609,32,27,1,0,9,6,2
../codelingua/segment_trees/r1_level1_Java_Fortran/qid_codeforces_653_A.json,110,30,80,21,1.36,4,1,1,0.19090909090909092,3.8095238095238093,correct,109,163.3119266055046,1723.0,30.0,228.44825563918658,34,14,2,1,4,53,1
../codelingua/segment_trees/r1_level1_Java_Fortran/qid_codeforces_23_B.json,30,10,20,14,1.45,5,1,1,0.4666666666666667,1.4285714285714286,correct,29,97.06896551724138,474.0,33.0,85.28771936153308,10,2,0,2,3,10,2
../codelingua/segment_trees/r1_level1_Java_Fortran/qid_codeforces_622_A.json,44,12,32,15,1.34,3,1,1,0.3409090909090909,2.1333333333333333,correct,43,189.4418604651163,1129.0,31.0,273.2278224630223,19,3,0,3,10,7,1
../codelingua/segment_trees/r1_level1_Java_Fortran/qid_codeforces_608_A.json,22,7,15,11,1.4,5,1,1,0.5,1.3636363636363635,correct,21,163.23809523809524,614.0,44.0,146.6996607909864,5,1,0,2,5,8,0
../codelingua/segment_trees/r1_level1_Java_Fortran/qid_codeforces_147_A.json,177,52,125,83,1.41,5,1,1,0.4689265536723164,1.5060240963855422,incorrect,176,188.01136363636363,1193.0,16.0,172.65013304819212,78,47,6,5,7,31,2
../codelingua/segment_trees/r1_level1_Java_Fortran/qid_codeforces_171_A.json,30,11,19,15,1.53,3,1,1,0.5,1.2666666666666666,correct,29,157.27586206896552,1776.0,30.0,322.4103304521522,9,7,1,0,2,10,0
../codelingua/segment_trees/r1_level1_Java_Fortran/qid_codeforces_629_B.json,44,16,28,20,1.54,5,1,1,0.45454545454545453,1.4,correct,43,220.3953488372093,1415.0,37.0,263.4848093149895,16,6,1,1,6,13,0
../codelingua/segment_trees/r1_level1_Java_Fortran/qid_codeforces_59_A.json,51,12,39,29,1.28,3,1,1,0.5686274509803921,1.3448275862068966,correct,50,210.86,1792.0,31.0,304.4081584629024,16,7,2,1,7,17,0
../codelingua/segment_trees/r1_level1_Java_Fortran/qid_codeforces_651_A.json,97,32,65,52,1.48,4,1,1,0.5360824742268041,1.25,correct,96,231.70833333333334,1303.0,32.0,245.83764075917074,51,27,0,3,8,4,3
../codelingua/segment_trees/r1_level1_Java_Fortran/qid_codeforces_55_A.json,48,13,35,28,1.34,3,1,1,0.5833333333333334,1.25,correct,47,339.9148936170213,1839.0,16.0,348.0280367133881,22,15,1,0,6,1,2
../codelingua/segment_trees/r1_level1_Java_Fortran/qid_codeforces_203_A.json,54,14,40,27,1.32,5,1,1,0.5,1.4814814814814814,correct,53,192.9433962264151,973.0,32.0,189.19692783876923,21,5,0,4,8,14,1
../codelingua/segment_trees/r1_level1_Java_Fortran/qid_atcoder_ABC171_E.json,49,17,32,23,1.5,3,1,1,0.46938775510204084,1.391304347826087,correct,48,152.72916666666666,605.0,31.0,137.0130820875166,21,2,0,1,10,14,0
../codelingua/segment_trees/r1_level1_Java_Fortran/qid_atcoder_ABC108_B.json,46,10,36,18,1.25,3,1,1,0.391304347826087,2.0,incorrect,45,230.13333333333333,1113.0,30.0,259.94847391533017,18,1,0,2,13,10,1
../codelingua/segment_trees/r1_level1_Java_Fortran/qid_codeforces_369_B.json,103,33,70,54,1.46,5,1,1,0.5242718446601942,1.2962962962962963,incorrect,102,219.2843137254902,1334.0,32.0,255.573568779002,43,16,0,4,11,25,3
../codelingua/segment_trees/r1_level1_Java_Fortran/qid_atcoder_ABC122_C.json,97,30,67,29,1.43,4,1,1,0.29896907216494845,2.310344827586207,incorrect,96,242.97916666666666,1774.0,32.0,270.2811004225305,43,13,0,0,28,10,2
../codelingua/segment_trees/r1_level1_Java_Fortran/qid_atcoder_ABC170_A.json,79,25,54,37,1.44,6,1,1,0.46835443037974683,1.4594594594594594,correct,78,148.85897435897436,1260.0,33.0,186.6290663988555,23,18,3,3,4,27,0
../codelingua/segment_trees/r1_level1_Java_Fortran/qid_codeforces_265_B.json,21,9,12,9,1.67,5,1,1,0.42857142857142855,1.3333333333333333,correct,20,162.25,663.0,40.0,158.05058317546715,5,2,1,0,4,8,0
../codelingua/segment_trees/r1_level1_Java_Fortran/qid_codeforces_534_B.json,97,33,64,45,1.5,4,1,1,0.4639175257731959,1.4222222222222223,correct,96,233.15625,1924.0,32.0,336.7810886091095,38,13,0,11,20,14,0
../codelingua/segment_trees/r1_level1_Java_Fortran/qid_atcoder_AGC006_B.json,47,16,31,22,1.48,4,1,1,0.46808510638297873,1.4090909090909092,correct,46,198.02173913043478,1375.0,30.0,267.28881500732376,21,8,0,1,5,9,2
../codelingua/segment_trees/r1_level1_Java_Fortran/qid_atcoder_ABC126_D.json,94,28,66,29,1.41,5,1,1,0.30851063829787234,2.2758620689655173,incorrect,93,163.27956989247312,2049.0,16.0,240.27418059517456,29,8,1,0,13,39,3
../codelingua/segment_trees/r1_level1_Java_Fortran/qid_atcoder_ARC062_B.json,49,12,37,24,1.3,2,1,1,0.4897959183673469,1.5416666666666667,incorrect,48,190.60416666666666,874.0,34.0,173.87005903570062,27,4,0,1,10,4,2
../codelingua/segment_trees/r1_level1_Java_Fortran/qid_atcoder_ABC155_E.json,118,40,78,35,1.5,5,1,1,0.2966101694915254,2.2285714285714286,correct,117,216.64102564102564,1132.0,31.0,211.797091475685,56,19,3,11,11,17,0
../codelingua/segment_trees/r1_level1_Java_Fortran/qid_atcoder_AGC027_A.json,68,18,50,33,1.34,3,1,1,0.4852941176470588,1.5151515151515151,incorrect,67,208.0,1372.0,34.0,213.92876186131483,24,9,2,8,8,16,0
../codelingua/segment_trees/r1_level1_Java_Fortran/qid_codeforces_327_A.json,56,18,38,26,1.45,4,1,1,0.4642857142857143,1.4615384615384615,correct,55,149.54545454545453,865.0,31.0,149.72515785806638,23,3,1,0,8,19,1
../codelingua/segment_trees/r1_level1_Java_Fortran/qid_codeforces_190_A.json,18,3,15,15,1.13,2,1,1,0.8333333333333334,1.0,correct,17,249.47058823529412,1443.0,33.0,346.9657976024184,5,2,0,0,5,5,0
../codelingua/segment_trees/r1_level1_Java_Fortran/qid_atcoder_ABC114_C.json,133,51,82,38,1.61,8,1,1,0.2857142857142857,2.1578947368421053,incorrect,132,179.4848484848485,1884.0,30.0,241.79659879437196,47,39,0,4,10,32,0
../codelingua/segment_trees/r1_level1_Java_Fortran/qid_atcoder_ABC169_C.json,42,9,33,23,1.24,4,1,1,0.5476190476190477,1.434782608695652,correct,41,175.70731707317074,853.0,16.0,169.6036915728014,17,4,1,2,9,6,2
../codelingua/segment_trees/r1_level1_Java_Fortran/qid_atcoder_ABC158_A.json,28,6,22,20,1.23,2,1,1,0.7142857142857143,1.1,correct,27,112.55555555555556,310.0,33.0,86.88778498435312,8,3,1,1,3,10,1
../codelingua/segment_trees/r1_level1_Java_Fortran/qid_atcoder_ABC125_A.json,53,16,37,26,1.41,3,1,1,0.49056603773584906,1.4230769230769231,correct,52,242.25,1302.0,34.0,223.46626494535465,24,12,0,3,8,5,0
../codelingua/segment_trees/r1_level1_Java_Fortran/qid_atcoder_ABC154_A.json,189,61,128,83,1.47,4,1,1,0.43915343915343913,1.5421686746987953,correct,188,189.96808510638297,1103.0,30.0,150.91233791625854,89,55,0,6,18,17,3
../codelingua/segment_trees/r1_level1_Java_Fortran/qid_atcoder_ABC106_C.json,59,26,33,21,1.76,7,1,1,0.3559322033898305,1.5714285714285714,incorrect,58,234.44827586206895,1376.0,31.0,255.28939013651438,33,8,3,4,3,6,1
../codelingua/segment_trees/r1_level1_Java_Fortran/qid_atcoder_ABC043_B.json,90,29,61,32,1.46,5,1,1,0.35555555555555557,1.90625,correct,89,172.82022471910113,1048.0,30.0,179.840115974121,41,10,3,4,10,20,1
../codelingua/segment_trees/r1_level1_Java_Fortran/qid_atcoder_ABC118_C.json,154,45,109,45,1.4,6,1,1,0.2922077922077922,2.422222222222222,correct,153,154.1437908496732,2539.0,31.0,225.0723690136789,63,22,0,2,7,57,2
../codelingua/segment_trees/r1_level1_Java_Fortran/qid_codeforces_356_A.json,214,72,142,62,1.5,7,1,1,0.2897196261682243,2.2903225806451615,incorrect,213,208.04694835680752,1429.0,30.0,226.58506181627476,90,14,3,2,10,90,4
../codelingua/segment_trees/r1_level1_Java_Fortran/qid_atcoder_ABC165_C.json,94,27,67,48,1.39,7,1,1,0.5106382978723404,1.3958333333333333,correct,93,210.48387096774192,1292.0,16.0,219.13955315909033,41,4,2,1,20,22,3
../codelingua/segment_trees/r1_level1_Java_Fortran/qid_codeforces_58_B.json,34,11,23,22,1.43,4,1,1,0.6470588235294118,1.0454545454545454,incorrect,33,170.0,780.0,34.0,161.15287772795122,18,6,0,0,6,3,0
../codelingua/segment_trees/r1_level1_Java_Fortran/qid_codeforces_596_B.json,39,9,30,24,1.27,2,1,1,0.6153846153846154,1.25,correct,38,175.28947368421052,561.0,33.0,136.30349837764905,17,1,0,1,12,6,1
../codelingua/segment_trees/r1_level1_Java_Fortran/qid_codeforces_581_A.json,28,5,23,18,1.17,2,1,1,0.6428571428571429,1.2777777777777777,incorrect,27,99.77777777777777,474.0,30.0,97.18789626021946,13,4,0,1,5,4,0
../codelingua/segment_trees/r1_level1_Java_Fortran/qid_codeforces_7_B.json,110,38,72,27,1.51,5,1,1,0.24545454545454545,2.6666666666666665,incorrect,109,177.77981651376146,906.0,30.0,176.68707208142524,49,10,2,3,9,36,0
../codelingua/segment_trees/r1_level1_Java_Fortran/qid_codeforces_705_B.json,45,16,29,18,1.52,6,1,1,0.4,1.6111111111111112,incorrect,44,171.8409090909091,1447.0,16.0,262.62228099225115,16,8,0,0,7,11,2
../codelingua/segment_trees/r1_level1_Java_Fortran/qid_codeforces_678_B.json,42,12,30,19,1.37,3,1,1,0.4523809523809524,1.5789473684210527,correct,41,162.3170731707317,749.0,33.0,169.0775619389501,21,2,1,2,5,9,1
../codelingua/segment_trees/r1_level1_Java_Fortran/qid_codeforces_617_B.json,54,18,36,25,1.47,5,1,1,0.46296296296296297,1.44,correct,53,165.37735849056602,1203.0,32.0,228.71860662387124,13,10,3,1,4,22,0
../codelingua/segment_trees/r1_level1_Java_Fortran/qid_codeforces_70_B.json,124,42,82,43,1.5,6,1,1,0.3467741935483871,1.9069767441860466,correct,123,222.21951219512195,1606.0,30.0,267.3639239180837,61,16,7,4,10,23,2
../codelingua/segment_trees/r1_level1_Java_Fortran/qid_codeforces_79_A.json,59,21,38,27,1.53,4,1,1,0.4576271186440678,1.4074074074074074,incorrect,58,116.46551724137932,644.0,30.0,104.51663437106117,27,6,1,1,7,16,0
../codelingua/segment_trees/r1_level1_Java_Fortran/qid_codeforces_609_B.json,49,15,34,25,1.41,3,1,1,0.5102040816326531,1.36,incorrect,48,211.14583333333334,1028.0,41.0,191.72520112970793,25,6,1,1,5,7,3
../codelingua/segment_trees/r1_level1_Java_Fortran/qid_atcoder_AGC004_D.json,117,30,87,36,1.33,4,1,1,0.3076923076923077,2.4166666666666665,incorrect,116,223.06896551724137,2918.0,30.0,341.21799035444957,56,7,2,1,21,28,1
../codelingua/segment_trees/r1_level1_Java_Fortran/qid_codeforces_231_A.json,21,5,16,16,1.25,4,1,1,0.7619047619047619,1.0,correct,20,236.2,1189.0,16.0,274.1760095459235,10,1,1,2,2,1,3
../codelingua/segment_trees/r1_level1_Java_Fortran/qid_atcoder_ABC136_B.json,48,12,36,20,1.31,3,1,1,0.4166666666666667,1.8,correct,47,251.70212765957447,985.0,30.0,244.04079442421252,18,10,0,0,12,5,2
../codelingua/segment_trees/r1_level1_Java_Fortran/qid_atcoder_ABC142_A.json,36,13,23,13,1.52,3,1,1,0.3611111111111111,1.7692307692307692,correct,35,165.62857142857143,826.0,16.0,169.59329997071814,16,6,0,0,8,4,1
../codelingua/segment_trees/r1_level1_Java_Fortran/qid_atcoder_ABC110_C.json,175,52,123,74,1.41,6,1,1,0.4228571428571429,1.662162162162162,incorrect,174,210.86206896551724,1691.0,31.0,230.82945046141515,82,31,5,8,12,34,2
../codelingua/segment_trees/r1_level1_Java_Fortran/qid_atcoder_ABC042_A.json,31,7,24,14,1.25,2,1,1,0.45161290322580644,1.7142857142857142,correct,30,156.7,974.0,34.0,171.29529856462733,10,6,0,1,6,7,0
../codelingua/segment_trees/r1_level1_Java_Fortran/qid_codeforces_340_A.json,69,23,46,32,1.48,4,1,1,0.463768115942029,1.4375,correct,68,178.19117647058823,739.0,32.0,180.05366176507817,34,7,0,1,13,11,2
../codelingua/segment_trees/r1_level1_Java_Fortran/qid_codeforces_518_B.json,81,28,53,23,1.51,3,1,1,0.2839506172839506,2.3043478260869565,incorrect,80,215.4875,1439.0,43.0,218.4363299030612,36,4,3,0,10,26,1
../codelingua/segment_trees/r1_level1_Java_Fortran/qid_atcoder_ABC169_D.json,43,9,34,14,1.24,3,1,1,0.32558139534883723,2.4285714285714284,correct,42,233.8095238095238,1012.0,30.0,230.94474453651463,19,5,0,2,10,5,1
../codelingua/segment_trees/r1_level1_Java_Fortran/qid_atcoder_AGC034_B.json,81,24,57,32,1.4,5,1,1,0.3950617283950617,1.78125,incorrect,80,182.6625,1157.0,34.0,191.90497013702156,27,14,2,1,9,26,1
../codelingua/segment_trees/r1_level1_Java_Fortran/qid_codeforces_268_A.json,20,3,17,15,1.12,2,1,1,0.75,1.1333333333333333,correct,19,210.94736842105263,1231.0,30.0,288.22858862063913,5,3,0,0,4,6,1
../codelingua/segment_trees/r1_level1_Java_Fortran/qid_atcoder_ABC145_C.json,40,15,25,17,1.56,6,1,1,0.425,1.4705882352941178,incorrect,39,179.43589743589743,1447.0,41.0,234.5488160245443,17,3,0,0,10,9,0
../codelingua/segment_trees/r1_level1_Java_Fortran/qid_atcoder_AGC002_B.json,41,12,29,23,1.38,3,1,1,0.5609756097560976,1.2608695652173914,correct,40,221.325,1155.0,33.0,270.90715483069386,24,3,1,0,3,8,1
../codelingua/segment_trees/r1_level1_Java_Fortran/qid_atcoder_ABC122_D.json,173,67,106,48,1.62,8,1,1,0.2774566473988439,2.2083333333333335,incorrect,172,175.34302325581396,797.0,30.0,152.5637966763529,83,20,1,2,5,59,2
../codelingua/segment_trees/r1_level1_Java_Fortran/qid_codeforces_373_B.json,49,13,36,17,1.33,3,1,1,0.3469387755102041,2.1176470588235294,incorrect,48,206.64583333333334,1248.0,35.0,251.72777339253435,23,7,2,0,5,10,1
../codelingua/segment_trees/r1_level1_Java_Fortran/qid_atcoder_ABC149_C.json,44,12,32,24,1.34,5,1,1,0.5454545454545454,1.3333333333333333,correct,43,141.09302325581396,520.0,36.0,120.95725611681578,10,6,0,2,11,13,1
../codelingua/segment_trees/r1_level1_Java_Fortran/qid_codeforces_456_A.json,59,23,36,31,1.61,5,1,1,0.5254237288135594,1.1612903225806452,correct,58,206.51724137931035,1545.0,30.0,256.4482945306814,29,6,0,3,8,10,2
../codelingua/segment_trees/r1_level1_Java_Fortran/qid_atcoder_AGC019_A.json,34,8,26,16,1.27,3,1,1,0.47058823529411764,1.625,correct,33,141.21212121212122,894.0,30.0,164.14756272477777,11,3,0,0,10,8,1
../codelingua/segment_trees/r1_level1_Java_Fortran/qid_atcoder_AGC010_B.json,65,26,39,21,1.64,6,1,1,0.3230769230769231,1.8571428571428572,correct,64,211.515625,1784.0,32.0,268.32561315055085,30,4,0,2,12,15,1
../codelingua/segment_trees/r1_level1_Java_Fortran/qid_codeforces_86_A.json,46,16,30,21,1.5,5,1,1,0.45652173913043476,1.4285714285714286,correct,45,226.57777777777778,1387.0,36.0,308.76936736376916,19,7,1,3,9,6,0
../codelingua/segment_trees/r1_level1_Java_Fortran/qid_atcoder_ABC171_B.json,70,20,50,29,1.38,4,1,1,0.4142857142857143,1.7241379310344827,correct,69,152.91304347826087,1668.0,30.0,239.1971091657424,19,4,0,1,5,38,2
../codelingua/segment_trees/r1_level1_Java_Fortran/qid_atcoder_ABC178_A.json,20,8,12,12,1.58,5,1,1,0.6,1.0,correct,19,139.10526315789474,418.0,31.0,114.63318054503827,9,3,0,0,5,2,0
../codelingua/segment_trees/r1_level1_Java_Fortran/qid_codeforces_242_A.json,25,6,19,13,1.26,4,1,1,0.52,1.4615384615384615,incorrect,24,213.45833333333334,1421.0,31.0,297.05276638081114,8,5,1,0,5,5,0
../codelingua/segment_trees/r1_level1_Java_Fortran/qid_atcoder_AGC014_D.json,103,32,71,48,1.44,4,1,1,0.46601941747572817,1.4791666666666667,correct,102,179.09803921568627,1469.0,30.0,188.19494368287482,37,8,1,2,21,30,3
../codelingua/segment_trees/r1_level1_Java_Fortran/qid_atcoder_ABC127_F.json,127,48,79,50,1.59,6,1,1,0.3937007874015748,1.58,incorrect,126,266.9047619047619,3957.0,31.0,474.2053804599257,50,19,1,6,4,44,2
../codelingua/segment_trees/r1_level1_Java_Fortran/qid_atcoder_ABC112_C.json,99,31,68,43,1.44,4,1,1,0.43434343434343436,1.5813953488372092,correct,98,207.1530612244898,1256.0,33.0,192.7670113391692,48,7,0,15,17,10,1
../codelingua/segment_trees/r1_level1_Java_Fortran/qid_atcoder_ABC149_B.json,27,6,21,20,1.24,4,1,1,0.7407407407407407,1.05,correct,26,121.07692307692308,838.0,16.0,167.91805693895412,9,2,0,0,6,7,2
../codelingua/segment_trees/r1_level1_Java_Fortran/qid_atcoder_AGC028_B.json,71,24,47,27,1.49,5,1,1,0.38028169014084506,1.7407407407407407,correct,70,266.9428571428571,1663.0,34.0,306.0045412997432,27,3,0,2,25,13,0
../codelingua/segment_trees/r1_level1_Java_Fortran/qid_codeforces_408_B.json,44,12,32,16,1.34,3,1,1,0.36363636363636365,2.0,correct,43,130.3953488372093,481.0,33.0,112.4326548766572,19,6,1,2,5,9,1
../codelingua/segment_trees/r1_level1_Java_Fortran/qid_atcoder_AGC024_B.json,88,30,58,30,1.5,5,1,1,0.3409090909090909,1.9333333333333333,incorrect,87,185.02298850574712,929.0,16.0,191.40447717853476,38,8,2,1,22,15,1
../codelingua/segment_trees/r1_level1_Java_Fortran/qid_atcoder_ABC145_B.json,102,28,74,42,1.36,3,1,1,0.4117647058823529,1.7619047619047619,incorrect,101,223.92079207920793,777.0,30.0,174.90698574775777,50,20,2,4,9,15,1
../codelingua/segment_trees/r1_level1_Java_Fortran/qid_atcoder_ABC167_D.json,106,39,67,34,1.57,4,1,1,0.32075471698113206,1.9705882352941178,incorrect,105,206.31428571428572,1751.0,30.0,242.00497906057612,55,7,1,4,16,21,1
../codelingua/segment_trees/r1_level1_Java_Fortran/qid_atcoder_AGC033_A.json,99,30,69,31,1.42,5,1,1,0.31313131313131315,2.225806451612903,correct,98,205.53061224489795,1526.0,31.0,280.7647584165318,50,6,2,1,9,30,0
../codelingua/segment_trees/r1_level1_Java_Fortran/qid_atcoder_ABC148_F.json,117,41,76,42,1.53,5,1,1,0.358974358974359,1.8095238095238095,incorrect,116,190.80172413793105,1349.0,32.0,203.76103735706585,57,9,3,3,17,27,0
../codelingua/segment_trees/r1_level1_Java_Fortran/qid_atcoder_ABC128_C.json,63,23,40,22,1.55,3,1,1,0.3492063492063492,1.8181818181818181,incorrect,62,174.17741935483872,663.0,38.0,167.70079955170243,31,3,0,0,8,20,0
../codelingua/segment_trees/r1_level1_Java_Fortran/qid_atcoder_ABC169_E.json,73,20,53,30,1.36,4,1,1,0.410958904109589,1.7666666666666666,correct,72,198.95833333333334,1003.0,32.0,192.33900804071052,26,12,2,2,9,20,1
../codelingua/segment_trees/r1_level1_Java_Fortran/qid_atcoder_ABC164_A.json,24,7,17,15,1.35,3,1,1,0.625,1.1333333333333333,correct,23,140.7826086956522,548.0,35.0,121.96980122582472,9,2,2,0,4,5,1
../codelingua/segment_trees/r1_level1_Java_Fortran/qid_codeforces_274_A.json,170,53,117,56,1.44,5,1,1,0.32941176470588235,2.0892857142857144,incorrect,169,223.96449704142012,1358.0,30.0,218.864708522866,89,13,1,4,16,46,0
../codelingua/segment_trees/r1_level1_Java_Fortran/qid_atcoder_ABC143_D.json,103,37,66,36,1.55,5,1,1,0.34951456310679613,1.8333333333333333,incorrect,102,209.48039215686273,1287.0,31.0,268.4351325810485,39,15,1,2,8,37,0
../codelingua/segment_trees/r1_level1_Java_Fortran/qid_atcoder_AGC017_A.json,87,30,57,43,1.51,5,1,1,0.4942528735632184,1.3255813953488371,incorrect,86,267.6860465116279,1755.0,34.0,370.1415710596946,32,11,1,2,8,32,0
../codelingua/segment_trees/r1_level1_Java_Fortran/qid_atcoder_ABC124_C.json,115,36,79,28,1.44,5,1,2,0.24347826086956523,2.8214285714285716,correct,114,165.78947368421052,1318.0,30.0,212.7758999629194,36,24,6,1,10,35,2
../codelingua/segment_trees/r1_level1_Java_Fortran/qid_codeforces_546_A.json,24,5,19,14,1.21,2,1,1,0.5833333333333334,1.3571428571428572,correct,23,145.3913043478261,408.0,37.0,106.93614880361372,9,2,0,1,7,4,0
../codelingua/segment_trees/r1_level1_Java_Fortran/qid_codeforces_56_B.json,120,37,83,48,1.43,4,1,1,0.4,1.7291666666666667,incorrect,119,161.78151260504202,700.0,16.0,145.2282925034077,54,24,3,9,10,16,3
../codelingua/segment_trees/r1_level1_Java_Fortran/qid_codeforces_30_A.json,64,21,43,33,1.47,4,1,1,0.515625,1.303030303030303,incorrect,63,256.41269841269843,2063.0,30.0,345.00489173346585,29,14,1,0,5,14,0
../codelingua/segment_trees/r1_level1_Java_Fortran/qid_codeforces_299_A.json,44,11,33,25,1.3,4,1,1,0.5681818181818182,1.32,correct,43,139.02325581395348,653.0,16.0,148.9645992417075,14,6,0,0,5,16,2
../codelingua/segment_trees/r1_level1_Java_Fortran/qid_codeforces_287_A.json,66,23,43,25,1.51,5,1,1,0.3787878787878788,1.72,incorrect,65,165.41538461538462,1134.0,16.0,183.5718432511244,30,5,2,4,13,9,2
../codelingua/segment_trees/r1_level1_Java_Fortran/qid_codeforces_387_A.json,58,14,44,40,1.3,4,1,1,0.6896551724137931,1.1,correct,57,156.42105263157896,485.0,30.0,119.7489855859839,14,13,0,6,6,17,1
../codelingua/segment_trees/r1_level1_Java_Fortran/qid_codeforces_148_B.json,40,12,28,20,1.39,4,1,1,0.5,1.4,correct,39,178.23076923076923,1066.0,30.0,193.3983428789918,16,4,1,0,12,5,1
../codelingua/segment_trees/r1_level1_Java_Fortran/qid_codeforces_282_B.json,90,22,68,40,1.31,3,1,1,0.4444444444444444,1.7,correct,89,212.1573033707865,1641.0,30.0,241.28005695364598,50,13,0,1,9,15,1
../codelingua/segment_trees/r1_level1_Java_Fortran/qid_codeforces_673_A.json,49,15,34,21,1.41,5,1,1,0.42857142857142855,1.619047619047619,correct,48,153.79166666666666,933.0,31.0,163.20225779796863,11,13,4,0,9,10,1
